-- MySQL dump 10.16  Distrib 10.1.26-MariaDB, for Win32 (AMD64)
--
-- Host: localhost    Database: sklep
-- ------------------------------------------------------
-- Server version	10.1.26-MariaDB

/*!40101 SET @OLD_CHARACTER_SET_CLIENT=@@CHARACTER_SET_CLIENT */;
/*!40101 SET @OLD_CHARACTER_SET_RESULTS=@@CHARACTER_SET_RESULTS */;
/*!40101 SET @OLD_COLLATION_CONNECTION=@@COLLATION_CONNECTION */;
/*!40101 SET NAMES utf8 */;
/*!40103 SET @OLD_TIME_ZONE=@@TIME_ZONE */;
/*!40103 SET TIME_ZONE='+00:00' */;
/*!40014 SET @OLD_UNIQUE_CHECKS=@@UNIQUE_CHECKS, UNIQUE_CHECKS=0 */;
/*!40014 SET @OLD_FOREIGN_KEY_CHECKS=@@FOREIGN_KEY_CHECKS, FOREIGN_KEY_CHECKS=0 */;
/*!40101 SET @OLD_SQL_MODE=@@SQL_MODE, SQL_MODE='NO_AUTO_VALUE_ON_ZERO' */;
/*!40111 SET @OLD_SQL_NOTES=@@SQL_NOTES, SQL_NOTES=0 */;

--
-- Table structure for table `categories`
--

DROP TABLE IF EXISTS `categories`;
/*!40101 SET @saved_cs_client     = @@character_set_client */;
/*!40101 SET character_set_client = utf8 */;
CREATE TABLE `categories` (
  `Category_ID` int(11) NOT NULL AUTO_INCREMENT,
  `Name` varchar(255) COLLATE utf8_polish_ci NOT NULL,
  `Description` varchar(255) COLLATE utf8_polish_ci DEFAULT NULL,
  PRIMARY KEY (`Category_ID`)
) ENGINE=InnoDB AUTO_INCREMENT=17 DEFAULT CHARSET=utf8 COLLATE=utf8_polish_ci;
/*!40101 SET character_set_client = @saved_cs_client */;

--
-- Dumping data for table `categories`
--

LOCK TABLES `categories` WRITE;
/*!40000 ALTER TABLE `categories` DISABLE KEYS */;
INSERT INTO `categories` VALUES (1,' FPP',NULL),(2,' TPP - akcji',NULL),(3,' TPP - strzelaniny',NULL),(4,' RPG',NULL),(5,' Strategiczne',NULL),(6,' Sportowe',NULL),(7,' Wyścigowe',NULL),(8,' aRPG',NULL),(9,' Walki',NULL),(10,' hack and slash',NULL),(11,' jRPG',NULL),(12,' Muzyczne',NULL),(13,' Przygodowe',NULL),(14,' Survival horror',NULL),(15,' Symulacje',NULL),(16,' Zręcznościowe',NULL);
/*!40000 ALTER TABLE `categories` ENABLE KEYS */;
UNLOCK TABLES;

--
-- Table structure for table `games`
--

DROP TABLE IF EXISTS `games`;
/*!40101 SET @saved_cs_client     = @@character_set_client */;
/*!40101 SET character_set_client = utf8 */;
CREATE TABLE `games` (
  `Game_ID` int(11) NOT NULL AUTO_INCREMENT,
  `Name` varchar(255) COLLATE utf8_polish_ci NOT NULL,
  `Price` decimal(10,2) NOT NULL,
  `Description` varchar(255) COLLATE utf8_polish_ci NOT NULL,
  `Platform_ID` int(11) DEFAULT NULL,
  `Category_ID` int(11) DEFAULT NULL,
  `ImagePath` varchar(255) COLLATE utf8_polish_ci DEFAULT NULL,
  `DescriptionPath` int(11) DEFAULT NULL,
  PRIMARY KEY (`Game_ID`),
  KEY `fk_category` (`Category_ID`),
  KEY `fk_platform` (`Platform_ID`),
  CONSTRAINT `fk_category` FOREIGN KEY (`Category_ID`) REFERENCES `categories` (`Category_ID`) ON DELETE SET NULL,
  CONSTRAINT `fk_platform` FOREIGN KEY (`Platform_ID`) REFERENCES `platform` (`Platform_ID`) ON DELETE SET NULL
) ENGINE=InnoDB AUTO_INCREMENT=1135 DEFAULT CHARSET=utf8 COLLATE=utf8_polish_ci;
/*!40101 SET character_set_client = @saved_cs_client */;

--
-- Dumping data for table `games`
--

LOCK TABLES `games` WRITE;
/*!40000 ALTER TABLE `games` DISABLE KEYS */;
INSERT INTO `games` VALUES (1,'ARK: Survival Evolved (PC) PL',164.99,'',1,1,'ark-survival-evolved-pc-pl.jpg',NULL),(2,'Seria Day1: Rising Storm 2: Vietnam PC PL',54.99,'',1,1,'seria-day1-rising-storm2-vietnam-pc-pl.jpg',NULL),(3,'Fallout 4 Game of the Year Edition PL PC',124.99,'',1,1,'fallout-4-game-of-the-year-edition-pc.jpg',NULL),(4,'Battlefield 1 Rewolucja PL PC + Steelbook',94.99,'',1,1,'battlefield-1-rewolucja-pl-pc.jpg',NULL),(5,'Destiny 2 Collector\'s Edition PC',978.99,'',1,1,'destiny-2-collector-s-edition-pc.jpg',NULL),(6,'Wolfenstein II: The New Colossus Edycja Kolekcjonerska PL PC',369.99,'',1,1,'wolfenstein-ii-the-new-colossus-edycja-kolekcjonerska-pc-pl.jpg',NULL),(7,'Wolfenstein II: The New Colossus PL PC',159.99,'',1,1,'wolfenstein-ii-the-new-colossus-pc.jpg',NULL),(8,'Dishonored: Death of the Outsider PL PC',99.00,'',1,1,'dishonored-death-of-the-outsider-pc.jpg',NULL),(9,'Far Cry 5 + BONUS PC',209.99,'',1,1,'far-cry-5-bonus-pc.jpg',NULL),(10,'Call of Duty WWII PL PC',224.99,'',1,1,'call-of-duty-wwii-pl-pc.jpg',NULL),(11,'The Ball PL PC',9.99,'',1,1,'the-ball-pl-pc.jpg',NULL),(12,'THEHUNTER: CALL OF THE WILD PL PC',104.99,'',1,1,'thehunter-call-of-the-wild-pl-pc.jpg',NULL),(13,'Sniper Ghost Warrior 3 Stealth Edition PL PC',249.99,'',1,1,'sniper-ghost-warrior-3-collector-s-edition-pc.jpg',NULL),(14,'Killing Floor 2 Limited Edition PL PC',99.00,'',1,1,'killing-floor-2-limited-edition-pc.jpg',NULL),(15,'PREY PL PC + DLC',129.99,'',1,1,'prey-pc.jpg',NULL),(16,'The Quake Collection NPG PC',62.99,'',1,1,'the-quake-collection-npg-pc.jpg',NULL),(17,'Brink Complete Pack PKK PL PC',28.99,'',1,1,'brink-complete-pack-pkk-pl-pc.jpg',NULL),(18,'Shadow Warrior 2 D1 Z DLC PL PC',99.98,'',1,1,'shadow-warrior-2-d1-z-dlc-pl-pc.jpg',NULL),(19,'Sniper Ghost Warrior 3 Edycja Season Pass PC',99.99,'',1,1,'sniper-ghost-warrior-3-pc.jpg',NULL),(20,'Dishonored Game of The Year NPG PC',59.00,'',1,1,'dishonored-game-of-the-year-npg-pc.jpg',NULL),(21,'HARD RESET PL EK PC',29.00,'',1,1,'hard-reset-pl-ek-pc.jpg',NULL),(22,'TitanFall 2 PL  PC',59.99,'',1,1,'titanfall-2-pl-pc.jpg',NULL),(23,'Dishonored 2  PL  PC',129.99,'',1,1,'dishonored-2-pc.jpg',NULL),(24,'Dead Island Definitive Collection PL PC',68.99,'',1,1,'dead-island-definitve-collection-pc.jpg',NULL),(25,'Call of Duty Infinite Warfare PC +DLC',89.99,'',1,1,'call-of-duty-infinite-warfare-pc-bonus.jpg',NULL),(26,'PAINKILLER COLLECTION Extra Klasyka PC',29.99,'',1,1,'painkiller-collection-5-gier-pc.jpg',NULL),(27,'Dobra Gra: E.T. Armies PC',9.90,'',1,1,'dobra-gra-et-armies-pc.jpg',NULL),(28,'Painkiller Hell & Damnation (Gamebook) PL PC',9.99,'',1,1,'painkiller-hell-damnation-gamebook-pc.jpg',NULL),(29,'Dying Light: The Following – Enhanced Edition PC',104.99,'',1,1,'dying-light-the-following-enchanced-edition-pc.jpg',NULL),(30,'Call of Duty: Advanced Warfare PL PC',44.99,'',1,1,'call-of-duty-advanced-warfare-pl-pc.jpg',NULL),(31,'Far Cry Primal PL PC',79.99,'',1,1,'far-cry-primal-pl-pc.jpg',NULL),(32,'Thief PL PKK PC',29.00,'',1,1,'thief-pl-pkk-pc.jpg',NULL),(33,'Deus Ex The Fall PC',39.99,'',1,1,'deus-ex-the-fall-pc.jpg',NULL),(34,'Mirrors Edge Catalyst PL + Gratis PC',69.99,'',1,1,'mirrors-edge-catalyst-pc.jpg',NULL),(35,'TOXIKK Stalowa Seria PC',14.99,'',1,1,'toxikk-stalowa-seria-pc.jpg',NULL),(36,'Metro Last Light PL / ANG PC',29.00,'',1,1,'metro-last-light-pl-ang-pc.jpg',NULL),(37,'DOOM PL PC',74.99,'',1,1,'doom-pl-pc-dlc.jpg',NULL),(38,'Deus Ex Mankind Divided Rozłam Ludzkości D1 PL PC',59.99,'',1,1,'deus-ex-mankind-divided-pc.jpg',NULL),(39,'Call of Duty Black Ops III PL PC',99.99,'',1,1,'call-of-duty-black-ops-iii-pc.jpg',NULL),(40,'Thief PL PC',69.00,'',1,1,'thief-pl-pc.jpg',NULL),(41,'Commandos Strike Force PL PC',9.99,'',1,1,'commandos-strike-force-pl-pc.jpg',NULL),(42,'Battlefield Hardline PL PC',29.06,'',1,1,'battlefield-hardline-pl-pc.jpg',NULL),(43,'Call of Duty: Advanced Warfare Day Zero Edition PL PC',89.99,'',1,1,'call-of-duty-advanced-warfare-pc.jpg',NULL),(44,'Borderlands The Pre-Sequel PC',69.99,'',1,1,'borderlands-the-pre-sequel-pc.jpg',NULL),(45,'The Mark PC PL',19.90,'',1,1,'the-mark-pc-pl.jpg',NULL),(46,'Dead Island - Dobra Gra PC',9.90,'',1,1,'dead-island-dobra-gra-pc.jpg',NULL),(47,'Battlefield 4 PL PC',49.99,'',1,1,'battlefield-4-pl-pc.jpg',NULL),(48,'Medal of Honor PL Classics PC',27.99,'',1,1,'medal-of-honor-pl-classics-pc.jpg',NULL),(49,'Crysis 2 PC PL',49.99,'',1,1,'crysis-2-pc-pl.jpg',NULL),(50,'Call of Duty: Black Ops 2 II PL PC',19.99,'',1,1,'call-of-duty-black-ops-2-ii-pl-pc.jpg',NULL),(51,'MEDAL OF HONOR WARFIGHTER PL PC',49.99,'',1,1,'medal-of-honor-warfighter-pl-pc.jpg',NULL),(52,'Seria Dobra Gra Plus: The Flame in the Flood PL PC',24.99,'',1,2,'seria-dobra-gra-plus-the-flame-in-the-flood-pl-pc.jpg',NULL),(53,'Seria Dobra Gra Plus: Necropolis Brutal Edition PL PC',24.99,'',1,2,'seria-dobra-gra-plus-necropolis-brutal-edition-pl-pc.jpg',NULL),(54,'Seria Dobra Gra Plus: Aragami PL PC',24.99,'',1,2,'seria-dobra-gra-plus-aragami.jpg',NULL),(55,'Seria Day1: Homefront: The Revolution PC PL',54.99,'',1,2,'seria-day1-homefront-the-revolution-pc-pl.jpg',NULL),(56,'Fortnite Edycja Bohaterów PC',149.00,'',1,2,'fortnite-pc.jpg',NULL),(57,'Assassin\'s Creed Origins PL  PC',199.99,'',1,2,'assassin-s-creed-origins-pc.jpg',NULL),(58,'Star Wars Battlefront 2 PL PC +DLC - Darmowa Dostawa',189.00,'',1,2,'star-wars-battlefront-2-pl-pc.jpg',NULL),(59,'The Surge PC + Steelbook',119.99,'',1,2,'the-surge-pc.jpg',NULL),(60,'Beat Cop PL PC',45.99,'',1,2,'beat-cop-pc.jpg',NULL),(61,'Śródziemie: Cień Wojny PL PC',164.99,'',1,2,'srodziemie-cien-wojny-pl-pc.jpg',NULL),(62,'DEAD RISING 4 PC',129.00,'',1,2,'dead-rising-4-pc.jpg',NULL),(63,'Tom Clancys The Division Gold PL PC',134.99,'',1,2,'tom-clancys-the-division-gold-pl-pc.jpg',NULL),(64,'Star Wars Battlefront Ultimate Edition PL PC',109.99,'',1,2,'star-wars-battlefront-ultimate-edition-pl-pc.jpg',NULL),(65,'Aragami Edycja Kolekcjonerska PL PC',53.99,'',1,2,'aragami-pc.jpg',NULL),(66,'HITMAN: Kompletny pierwszy sezon PC + STEELBOOK',119.99,'',1,2,'hitman-kompletny-pierwszy-sezon-pc-steelbook.jpg',NULL),(67,'Rise of the Tomb Raider 20 Year Celebration Artbook Edition PC',189.00,'',1,2,'rise-of-the-tomb-raider-20-year-celebration-artbook-edition-pc.jpg',NULL),(68,'Watch Dogs 2 PL  PC',104.99,'',1,2,'watch-dogs-2-pl-pc.jpg',NULL),(69,'The Flame in the Flood PL PC',39.00,'',1,2,'the-flame-in-the-flood-pl-pc.jpg',NULL),(70,'Mad Max PL NPG PC',59.99,'',1,2,'mad-max-pl-npg-pc.jpg',NULL),(71,'Assassins Creed Unity UEXN PL PC',59.99,'',1,2,'assassins-creed-unity-pl-pc.jpg',NULL),(72,'Mafia III Deluxe Edition PL (gra + Season Pass) PC',159.00,'',1,2,'mafia-iii-gra-season-pass-pc.jpg',NULL),(73,'Styx: Master of Shadow Extra Klasyka PL PC',29.99,'',1,2,'styx-master-of-shadow-gamebook-pl-pc.jpg',NULL),(74,'Homefront The Revolution PL PC',69.99,'',1,2,'homefront-the-revolution-pl-pc.jpg',NULL),(75,'The Plan PL PC',9.99,'',1,2,'the-plan-pl-pc.jpg',NULL),(76,'Red Faction: Guerilla PL PC',24.99,'',1,2,'red-faction-guerilla-pl-pc.jpg',NULL),(77,'Mafia III PC + DLC',79.99,'',1,2,'mafia-iii-pc-dlc.jpg',NULL),(78,'The Chronicles of Riddick: Assault on Dark Atena PC',24.99,'',1,2,'the-chronicles-of-riddick-assault-on-dark-atena-pc.jpg',NULL),(79,'Tom Clancy`s. Splinter Cell: Double Agent PL PC',4.99,'',1,2,'tom-clancys-splinter-cell-double-agent-pc.jpg',NULL),(80,'Resident Evil 6 PL / ANG PKK PC',29.00,'',1,2,'resident-evil-6-pl-ang-pc.jpg',NULL),(81,'Assassin\'s Creed: Syndicate PL PC',89.99,'',1,2,'assassin-s-creed-syndicate-pc.jpg',NULL),(82,'Star Wars Battlefront PL PC',69.99,'',1,2,'star-wars-battlefront-pc.jpg',NULL),(83,'BATMAN ARKHAM CITY PL PC NPG',19.99,'',1,2,'batman-arkham-city-pl-pc-npg.jpg',NULL),(84,'Remember Me PL PC',39.00,'',1,2,'remember-me-pl-pc.jpg',NULL),(85,'Grand Theft Auto IV Episodes from Liberty City NPG',69.00,'',1,2,'grand-theft-auto-iv-episodes-from-liberty-city-npg.jpg',NULL),(86,'Tomb Raider PL PKK PC',29.00,'',1,2,'tomb-raider-pc-pl.jpg',NULL),(87,'Tomb Raider PC NPG PL',39.00,'',1,2,'tomb-raider-pc-pl.jpg',NULL),(88,'Of Orcs and Men PL PC',14.99,'',1,2,'of-orcs-and-men-pl-pc.jpg',NULL),(89,'Grand Theft Auto V PL PC',159.99,'',1,2,'grand-theft-auto-v-pc.jpg',NULL),(90,'Assassins Creed Unity PL PC',74.99,'',1,2,'assassins-creed-unity-pl-pc.jpg',NULL),(91,'Red Faction Complete Collection PL PC',19.99,'',1,2,'red-faction-complete-collection-pl-pc.jpg',NULL),(92,'Prince of Persia Zapomniane Piaski PL PC',4.99,'',1,2,'prince-of-persia-zapomniane-piaski-pl-uex-pc.jpg',NULL),(93,'I Am Weapon PC',24.90,'',1,2,'i-am-weapon-pc-ang.jpg',NULL),(94,'Resident Evil 6 PL / ANG PC NPG',44.99,'',1,2,'resident-evil-6-pl-ang-pc.jpg',NULL),(95,'Resident Evil Revelations PL / ANG PC',49.00,'',1,2,'resident-evil-revelations-pl-ang-pc.jpg',NULL),(96,'Metro Exodus PC',169.99,'',1,3,'metro-exodus-pc.jpg',NULL),(97,'The Evil Within 2 PL PC +DLC',154.99,'',1,3,'the-evil-within-2-pc.jpg',NULL),(98,'Agents of Mayhem PL PC',109.99,'',1,3,'agents-of-mayhem-pl-pc.jpg',NULL),(99,'Tom Clancy\'s Rainbow Six: Siege Year 2 Gold Edition PL PC',194.99,'',1,3,'tom-clancy-s-rainbow-six-siege-year-2-gold-edition-pl-pc.jpg',NULL),(100,'Metal Gear Solid V Ground Zeroes EK PC',29.00,'',1,3,'metal-gear-solid-v-ground-zeroes-ek-pc.jpg',NULL),(101,'Resident Evil 7 biohazard PL PC',94.99,'',1,3,'resident-evil-7-biohazard-pl-pc.jpg',NULL),(102,'Saints Row IV Game Of The Century Edition PL PKK PC',27.99,'',1,3,'saints-row-iv-game-of-the-century-edition-pl-pkk-pc.jpg',NULL),(103,'Alan Wake Anthology Extra Klasyka PL PC',29.99,'',1,3,'alan-wake-pl-pc.jpg',NULL),(104,'Gun PC PL Best of Activison',9.99,'',1,3,'gun-pc-pl-best-of-activison.jpg',NULL),(105,'Resident Evil: Origins Collection PC',89.99,'',1,3,'resident-evil-origins-collection-pc.jpg',NULL),(106,'Plants vs Zombies Garden Warfare 2 PL PC',69.99,'',1,3,'plants-vs-zombies-garden-warfare-2-pc.jpg',NULL),(107,'Shadow Harvest: Phantom Ops PC',9.99,'',1,3,'shadow-harvest-phantom-ops-pc.jpg',NULL),(108,'Plants vs Zombies Garden Warfare PC',79.99,'',1,3,'plants-vs-zombies-garden-warfare-pc.jpg',NULL),(109,'Mafia II PL Special Extended Edition CC PC',29.99,'',1,3,'mafia-ii-pl-special-extended-edition-pkk-pc.jpg',NULL),(110,'Inversion PC',29.00,'',1,3,'inversion-pc.jpg',NULL),(111,'The Elder Scrolls Anthology PL PC v3',99.00,'',1,4,'the-elder-scrolls-anthology-pl-pc-v3.jpg',NULL),(112,'Vampyr PL PC',179.00,'',1,4,'vampyr-pc.jpg',NULL),(113,'Wiedźmin: Edycja Rozszerzona + Steelbook (PC) PL',45.99,'',1,4,'wiedzmin-edycja-rozszerzona-steelbook-pc-pl.jpg',NULL),(114,'Elex PL PC',149.99,'',1,4,'elex-pc.jpg',NULL),(115,'Expeditions Viking PC ',84.90,'',1,4,'expeditions-viking-pc.jpg',NULL),(116,'Destiny 2 PL PC',234.99,'',1,4,'destiny-2-pc.jpg',NULL),(117,'Inner Chains PC',59.99,'',1,4,'inner-chains-pc.jpg',NULL),(118,'NieR: Automata  PC',189.99,'',1,4,'nier-automata-pc.jpg',NULL),(119,'Dark Souls III: The Fire Fades Edition GOTY PL PC',174.99,'',1,4,'dark-souls-iii-the-fire-fades-edition-goty-pl-pc.jpg',NULL),(120,'VIKINGS - WOLVES OF MIDGARD PL PC',84.99,'',1,4,'vikings-wolves-of-midgard-pl-pc.jpg',NULL),(121,'Final Fantasy XIV: Stormblood PC',109.99,'',1,4,'final-fantasy-xiv-stormblood-pc.jpg',NULL),(122,'STYX: SHARDS OF DARKNESS PL PC',79.99,'',1,4,'styx-shards-of-darkness-pc.jpg',NULL),(123,'Torment: Tides of Numenera PL  PC + Steelbook',74.99,'',1,4,'torment-tides-of-numenera-pl-pc.jpg',NULL),(124,'The Dwarves PC',39.99,'',1,4,'the-dwarves-pc.jpg',NULL),(125,'Mass Effect: Andromeda PL PC',49.99,'',1,4,'mass-effect-andromeda-pl-pc-bonusy.jpg',NULL),(126,'DARKEST DUNGEON PL EK PC',28.99,'',1,4,'darkest-dungeon-pl-ek-pc.jpg',NULL),(127,'The Elder Scrolls IV: Oblivion Game of the Year Deluxe PKK PC',29.99,'',1,4,'the-elder-scrolls-iv-oblivion-game-of-the-year-deluxe-pkk-pc.jpg',NULL),(128,'FALLOUT CLASSIC COLLECTION PL PKK PC',29.99,'',1,4,'fallout-classic-collection-pl-pc.jpg',NULL),(129,'Tyranny Limitowana Edycja Specjalna PL PC',114.99,'',1,4,'tyranny-limitowana-edycja-specjalna-pl-pc.jpg',NULL),(130,'WARHAMMER: END TIMES - VERMINTIDE GOLD PL PC',49.99,'',1,4,'warhammer-end-times-vermintide-gold-pl-pc.jpg',NULL),(131,'Wiedźmin 3 Dziki Gon GOTY PL PC',114.99,'',1,4,'wiedzmin-3-dziki-gon-goty-pl-pc.jpg',NULL),(132,'The Elder Scrolls IV: Oblivion Game of the Year Deluxe NPG PC',59.00,'',1,4,'the-elder-scrolls-iv-oblivion-game-of-the-year-deluxe-npg-pc.jpg',NULL),(133,'South Park The Fractured But Whole PL Edycja Kolekcjonerska PC',289.99,'',1,4,'south-park-the-fractured-but-whole-pl-edycja-kolekcjonerska-pc.jpg',NULL),(134,'South Park The Fractured But Whole PL PC',194.99,'',1,4,'south-park-the-fractured-but-whole-pl-pc.jpg',NULL),(135,'Icewind Dale Enhanced Edition PKK PC PL',26.99,'',1,4,'icewind-dale-enhanced-edition-pkk-pc.jpg',NULL),(136,'Technomancer PL PC',49.99,'',1,4,'technomancer-pc.jpg',NULL),(137,'Bound by Flame Extra Klasyka PL PC',24.99,'',1,4,'bound-by-flame-pc.jpg',NULL),(138,'Arcania Gothic 4 Collection  Extra Klasyka PL  PC',29.99,'',1,4,'arcania-gothic-4-pl-upadek-setarrif-pl-gamebook-pc.jpg',NULL),(139,'SPELLCRAFTER PL PC',19.99,'',1,4,'spellcrafter-pl-pc.jpg',NULL),(140,'Baldurs Gate Enhanced Edition PL PKK PC',29.00,'',1,4,'baldurs-gate-enhanced-edition-pl-pkk-pc.jpg',NULL),(141,'Fallout 4 PL PC',74.99,'',1,4,'fallout-4-pc.jpg',NULL),(142,'Wasteland 2 PL PC NPG',64.90,'',1,4,'wasteland-2-pl-pc-npg.jpg',NULL),(143,'Fallout: New Vegas PL PKK PC',29.00,'',1,4,'fallout-new-vegas-pl-pc-klucz.jpg',NULL),(144,'Risen 3 Władcy tytanów PL NPG PC',64.90,'',1,4,'risen-3-wladcy-tytanow-pl-npg-pc.jpg',NULL),(145,'Stalowa Seria - Lords of Xulima PL PC',14.99,'',1,4,'stalowa-seria-lords-of-xulima-pl-pc.jpg',NULL),(146,'Dark Eye Klatwa Wron Gamebook PC',9.99,'',1,4,'dark-eye-klatwa-wron-gamebook.jpg',NULL),(147,'Chivalry Gamebook PC',14.99,'',1,4,'chivalry-gamebook.jpg',NULL),(148,'Blackguards 2 PL PC',9.99,'',1,4,'blackguards-2-pl-pc.jpg',NULL),(149,'Wiedźmin 2 Zabójcy Królów PL Edycja Rozszerzona (PC)',24.99,'',1,4,'wiedzmin-2-zabojcy-krolow-pl-edycja-rozszerzona-pc.jpg',NULL),(150,'Wasteland 2 PL PC',79.00,'',1,4,'wasteland-2-pl-pc.jpg',NULL),(151,'Bound by Flame PL PC',24.99,'',1,4,'bound-by-flame-pc.jpg',NULL),(152,'Might & Magic X Legacy Deluxe PL PC',39.00,'',1,4,'might-magic-x-legacy-pc.jpg',NULL),(153,'Fallout 3 PL Game Of The Year Edition PL PKK PC',28.99,'',1,4,'fallout-3-pl-game-of-the-year-edition-pl-pkk-pc.jpg',NULL),(154,'Spellforce III Edycja Kolekcjonerska (PC)',249.99,'',1,5,'spellforce-iii-edycja-kolekcjonerska-pc.jpg',NULL),(155,'Spellforce III (PC)',125.99,'',1,5,'spellforce-iii-pc.jpg',NULL),(156,'Seria Dobra Gra Plus: Valhalla Hills PL PC',24.99,'',1,5,'seria-dobra-gra-plus-valhalla-hills-pl-pc.jpg',NULL),(157,'Discovery: Gorączka złota - Edycja Limitowana PC',52.99,'',1,5,'discovery-goraczka-zlota-edycja-limitowana-pc.jpg',NULL),(158,'Seria Day1: Xenonauts PC',54.99,'',1,5,'seria-day1-xenonauts-pc.jpg',NULL),(159,'Seria Day1: Shadow Tactics PC PL',54.99,'',1,5,'seria-day1-shadow-tactics-pc-pl.jpg',NULL),(160,'Seria Day1: Homeworld Desert of Kharak PC PL',54.99,'',1,5,'seria-day1-homeworld-desert-of-kharak-pc-pl.jpg',NULL),(161,'Oriental Empires PL PC',64.99,'',1,5,'oriental-empires-pl-pc.jpg',NULL),(162,'Europa Universalis III Złota Edycja PKK PC PL',29.00,'',1,5,'europa-universalis-iii-zlota-edycja-pkk-pc-pl.jpg',NULL),(163,'Sudden Strike 4 PL PC',89.99,'',1,5,'sudden-strike-4-pc.jpg',NULL),(164,'Car Mechanic Simulator 2018 PL PC',64.99,'',1,5,'car-mechanic-simulator-2018-pc.jpg',NULL),(165,'Total War: WARHAMMER II PL PC',159.99,'',1,5,'total-war-warhammer-ii-pl-pc.jpg',NULL),(166,'Blitzkrieg Edycja Deluxe 3 PC',79.99,'',1,5,'blitzkrieg-edycja-deluxe-3-pc-pl.jpg',NULL),(167,'The Long Journey Home Edycja Premium PC',79.00,'',1,5,'the-long-journey-home-edycja-premium-pc.jpg',NULL),(168,'Bounty Train PL PC',59.00,'',1,5,'bounty-train-pl-pc.jpg',NULL),(169,'Realpolitiks PL PC',47.99,'',1,5,'realpolitiks-pl-pc.jpg',NULL),(170,'Endless Space 2 PC',94.99,'',1,5,'endless-space-2-pc.jpg',NULL),(171,'MOTORSPORT MANAGER PC',79.99,'',1,5,'motorsport-manager-pc.jpg',NULL),(172,'Total War: WARHAMMER Edycja Starego Świata PL PC',109.99,'',1,5,'total-war-warhammer-edycja-starego-swiata-pl-pc.jpg',NULL),(173,'URBAN EMPIRE - LIMITOWANA EDYCJA SPECJALNA PC',79.99,'',1,5,'urban-empire-limitowana-edycja-specjalna-pc.jpg',NULL),(174,'HALO WARS 2: ULTIMATE EDITION PC',259.00,'',1,5,'halo-wars-2-ultimate-edition-pc.jpg',NULL),(175,'HALO WARS 2: STANDARD EDITION PC',139.99,'',1,5,'halo-wars-2-standard-edition-pc.jpg',NULL),(176,'KOZACY 3: ODSIECZ WIEDEŃSKA PC',79.99,'',1,5,'kozacy-3-odsiecz-wiedenska-pc.jpg',NULL),(177,'Shadow Tactics: Blades of Shogun - Shogun Edition PL PC',95.99,'',1,5,'shadow-tactics-blades-of-shogun-shogun-edition-pl-pc.jpg',NULL),(178,'Police Tactics: Imperio PC',49.99,'',1,5,'police-tactics-imperio-pc.jpg',NULL),(179,'TransOcean 2: Rivals PL PC',42.99,'',1,5,'transocean-2-rivals-pl-pc.jpg',NULL),(180,'CITYCONOMY: Service for your City PL PC',41.99,'',1,5,'cityconomy-service-for-your-city-pl-pc.jpg',NULL),(181,'Big Pharma PL EK PC',28.99,'',1,5,'big-pharma-pl-ek-pc.jpg',NULL),(182,'Sid Meier\'s Civilization V Wydanie Kompletne PKK PC PL',29.99,'',1,5,'sid-meier-s-civilization-v-wydanie-kompletne-pkk-pc-pl.jpg',NULL),(183,'Twierdza Krzyżowiec II 2 Wydanie Kompletne PL NPG PC',62.99,'',1,5,'twierdza-krzyzowiec-ii-2-wydanie-kompletne-pl-npg-pc.jpg',NULL),(184,'Twierdza Krzyżowiec II 2 PL PKK PC',29.99,'',1,5,'twierdza-krzyzowiec-ii-2-pl-pkk-pc.jpg',NULL),(185,'Warhammer 40,000: Dawn of War III PC',104.99,'',1,5,'warhammer-40000-dawn-of-war-iii-pc.jpg',NULL),(186,'Planetary Annihilation PL EK PC',29.00,'',1,5,'planetary-annihilation-pl-ek-pc.jpg',NULL),(187,'Crookz: The Big Heist PL EK PC',29.00,'',1,5,'crookz-the-big-heist-pl-ek-pc.jpg',NULL),(188,'GRAND AGES: MEDIEVAL PL EK PC',29.00,'',1,5,'grand-ages-medieval-pl-ek-pc.jpg',NULL),(189,'Dungeons 2 EK PL PC',29.00,'',1,5,'dungeons-2-ek-pl-pc.jpg',NULL),(190,'THE BANNER SAGA 2 - EDYCJA SPECJALNA PL PC',49.99,'',1,5,'the-banner-saga-2-edycja-specjalna-pc.jpg',NULL),(191,'Sid Meier’s Civilization VI PL PC',179.99,'',1,5,'sid-meiers-civilization-vi-pl-pc.jpg',NULL),(192,'Heroes of Might & Magic VII UEXN PC',59.99,'',1,5,'might-and-magic-heroes-vii-pc.jpg',NULL),(193,'Hearts of Iron IV PL  PC',99.99,'',1,5,'hearts-of-iron-iv-pl-pc.jpg',NULL),(194,'CITIES XXL Extra Klasyka PL PC',29.99,'',1,5,'cities-xxl-pl-pc.jpg',NULL),(195,'Total War: Attila - Tyrants & Kings - Królowie i Tyrani PC PL',79.00,'',1,5,'total-war-attila-pc-pl.jpg',NULL),(196,'Company of Heroes 2 PL PKK PC',29.00,'',1,5,'company-of-heroes-2-pl-pkk-pc.jpg',NULL),(197,'XCOM: Enemy Unknown Wydanie Kompletne PL PKK PC',29.00,'',1,5,'xcom-enemy-unknown-wydanie-kompletne-pl-pc.jpg',NULL),(198,'Valhalla Hills PL PC',39.99,'',1,5,'valhalla-hills-pl-pc.jpg',NULL),(199,'MECHS & MERCS: BLACK TALONS PC',12.99,'',1,5,'mechs-mercs-black-talons-pc.jpg',NULL),(200,'Twierdza 3 PL / ANG PKK PC',29.00,'',1,5,'twierdza-3-pl-ang-pkk-pc.jpg',NULL),(201,'Men of War: Oddział Szturmowy 2 - Edycja Kompletna PL PC',62.99,'',1,5,'men-of-war-oddzial-szturmowy-2-edycja-kompletna-pc.jpg',NULL),(202,'Civilization Beyond Earth PL +T-Shirt  PC',99.00,'',1,5,'civilization-beyond-earth-pl-t-shirt-pc.jpg',NULL),(203,'Stalowa Seria: StarDrive 2 PL PC',14.99,'',1,5,'stalowa-seria-stardrive-2-pl-pc.jpg',NULL),(204,'Dragonshard PL PC',9.99,'',1,5,'dragonshard-pl-pc.jpg',NULL),(205,'Wrzesień \'39 - Gamebook PL PC',4.99,'',1,5,'wrzesien-39-gamebook-pl-pc.jpg',NULL),(206,'XCOM 2 PL PC',154.99,'',1,5,'xcom-2-pc.jpg',NULL),(207,'Anno 2205 PL PC ',119.00,'',1,5,'anno-2205-pc.jpg',NULL),(208,'Meridian New World Dobra Gra PC',9.90,'',1,5,'meridian-new-world-dobra-gra-pc.jpg',NULL),(209,'Civilization: Beyond Earth - Rising Tide PL PC',69.99,'',1,5,'civilization-beyond-earth-rising-tide-pc.jpg',NULL),(210,'Crookz: The Big Heist PL PC',12.99,'',1,5,'crookz-the-big-heist-pc.jpg',NULL),(211,'Homeworld Remaster Collection PC',14.99,'',1,5,'homeworld-remaster-pc.jpg',NULL),(212,'Aarklash Legacy Dobra Gra PL PC',9.90,'',1,5,'dobra-gra-aarklash-legacy-pl-pc.jpg',NULL),(213,'Worlds of Magic PL PC',74.99,'',1,5,'worlds-of-magic-pl-pc.jpg',NULL),(214,'Gamebook SpaceCom PC',9.99,'',1,5,'gamebook-spacecom.jpg',NULL),(215,'StarCraft II: Legacy of the Void PL PC',79.99,'',1,5,'starcraft-ii-legacy-of-the-void-pl-pc.jpg',NULL),(216,'StarCraft® II – Battle Chest PL PC',129.99,'',1,5,'starcraft-ii-battle-chest-pl-pc.jpg',NULL),(217,'Total War Shogun II Złota Edycja PL PC',29.00,'',1,5,'total-war-shogun-ii-zlotaedycja-pl-pc.jpg',NULL),(218,'Medieval II: Total War Złota Edycja PL PC',29.00,'',1,5,'medieval-ii-total-war-zlota-edycja-pl-pc.jpg',NULL),(219,'Empire Total War Oraz Napoleon Total War Game Of The Year Edition PC',29.00,'',1,5,'empire-total-war-oraz-napoleon-total-war-game-of-the-year-edition-pc.jpg',NULL),(220,'Grey Goo PL PC',24.99,'',1,5,'grey-goo-pl-pc.jpg',NULL),(221,'Europa Universalis Crown of the North / Korona Północy PL PC',4.99,'',1,5,'korona-polnocy-pl-pc.jpg',NULL),(222,'Puzzle Quest: Challenge Of The Warlords PL PC',9.99,'',1,5,'puzzle-quest-challenge-of-the-warlords-pl-pc.jpg',NULL),(223,'Might and Magic Heroes VII Edycja kolekcjonerska PL PC',194.99,'',1,5,'might-and-magic-heroes-vii-edycja-kolekcjonerska-pc.jpg',NULL),(224,'Guild Complete Collection PC',9.99,'',1,5,'guild-complete-collection-pc.jpg',NULL),(225,'Desperados: Wanted Dead or Alive PC',9.99,'',1,5,'desperados-wanted-dead-or-alive-pc.jpg',NULL),(226,'THE FEW PL PC',14.99,'',1,5,'the-few-pl-pc.jpg',NULL),(227,'Blackguards PL PC',9.90,'',1,5,'blackguards-pl-pc.jpg',NULL),(228,'Farming Manager Menedżer farmy PL PC',29.00,'',1,5,'menedzer-farmy-pl-pc.jpg',NULL),(229,'Farming Giant Farma na Gigancie PL PC',24.99,'',1,5,'farming-giant-farma-na-gigancie-pc.jpg',NULL),(230,'Fallen Enchantress – Legendary Heroes PL Stalowa Seria PC',39.99,'',1,5,'elemental-fallen-enchantress-legendary-heroes-pl-pc.jpg',NULL),(231,'Space Hulk PC ENG Stalowa Seria PC',14.99,'',1,5,'space-hulk-pc-eng-stalowa-seria-pc.jpg',NULL),(232,'Planetary Annihilation PL PC',12.99,'',1,5,'planetary-annihilation-pl-pc.jpg',NULL),(233,'Endless Legend Premium PL PC',94.99,'',1,5,'endless-legend-pl-pc.jpg',NULL),(234,'Endless Legend PL PC',24.99,'',1,5,'endless-legend-pl-pc.jpg',NULL),(235,'Eador: Władcy Rozdartego Świata PC PL',4.99,'',1,5,'eador-wladcy-rozdartego-swiata-pc-pl.jpg',NULL),(236,'Might & Magic Clash of Heroes PL PC',9.99,'',1,5,'might-magic-clash-of-heroes-pl-pc.jpg',NULL),(237,'Kings Bounty Wojownicy Północy PL Wydanie kompletne PKK PC',29.00,'',1,5,'kings-bounty-wojownicy-polnocy-pl-wydanie-kompletne-pkk-pc.jpg',NULL),(238,'Sins of a Solar Empire Rebellion PC',19.00,'',1,5,'sins-of-a-solar-empire-rebellion-pc.jpg',NULL),(239,'Kings Bounty Wojownicy Północy PL NPG PC',24.99,'',1,5,'kings-bounty-wojownicy-polnocy-pl-npg-pc.jpg',NULL),(240,'Wargame Red Dragon PC',39.00,'',1,5,'wargame-red-dragon-pc.jpg',NULL),(241,'Gra o Tron Początek PL PC',3.99,'',1,5,'gra-o-tron-poczatek-pl-pc.jpg',NULL),(242,'WORLD in CONFLICT PL PC',4.99,'',1,5,'world-in-conflict-pl-pc.jpg',NULL),(243,'Antyncza Farma Rzym PC PL ',19.90,'',1,5,'antyncza-farma-rzym-pc-pl-.jpg',NULL),(244,'Heroes of Might & Magic I-IV Complete PL PC',14.99,'',1,5,'heroes-of-might-magic-i-iv-complete-pl-pc.jpg',NULL),(245,'Age of Wonders III PL Edycja Premium PC',74.99,'',1,5,'age-of-wonders-iii-pl-pc.jpg',NULL),(246,'Cities in Motion Symulator Transportu Miejskiego Wydanie Kompletne PL PC',9.99,'',1,5,'cities-in-motion-symulator-transportu-miejskiego-wydanie-kompletne-pl-pc.jpg',NULL),(247,'Pro Cycling Manager 2013 PL PC',4.99,'',1,5,'pro-cycling-manager-2013-pc.jpg',NULL),(248,'Rise of Venice PC PL',9.99,'',1,5,'rise-of-venice-pc.jpg',NULL),(249,'Anomaly 2 Edycja Specjalna PL PC',19.99,'',1,5,'anomaly-2-edycja-specjalna-pl-pc.jpg',NULL),(250,'Omerta Miasto Gangsterów PL PC',4.99,'',1,5,'omerta-miasto-gangsterow-pl-pc.jpg',NULL),(251,'Dungeons: Władca Ciemności PC',4.99,'',1,5,'dungeons-wladca-ciemnosci-pc.jpg',NULL),(252,'WarCraft III: Reign of Chaos + WarCraf III: The Frozen Throne PC',49.99,'',1,5,'warcraft-iii-reign-of-chaos-warcraf-iii-the-frozen-throne-pc.jpg',NULL),(253,'Spore PC',52.99,'',1,5,'spore-pl-pc.jpg',NULL),(254,'MAJESTY 1 + 2 ANTOLOGIA PC PL PKK',29.99,'',1,5,'majesty-1-2-antologia-pc-pl-pkk.jpg',NULL),(255,'StarCraft II Heart of the Swarm PL PC',34.99,'',1,5,'starcraft-ii-heart-of-the-swarm-pl-pc.jpg',NULL),(256,'Steep Winter Games Edition PL PC',179.00,'',1,6,'steep-winter-games-edition-pc.jpg',NULL),(257,'Pro Evolution Soccer PES 2018 Premium Edition PC',159.99,'',1,6,'pro-evolution-soccer-pes-2018-premium-edition-pc.jpg',NULL),(258,'Pro Evolution Soccer PES 2018 PC',159.99,'',1,6,'pro-evolution-soccer-pes-2018-pc.jpg',NULL),(259,'FIFA 18 PL PC',189.99,'',1,6,'fifa-18-edycja-standardowa-pc.jpg',NULL),(260,'STEEP PL Gold Edition PC+ DLC',154.99,'',1,6,'steep-pl-gold-edition-pc-dlc.jpg',NULL),(261,'FIFA 17 PL PC',59.00,'',1,6,'fifa-17-pc.jpg',NULL),(262,'WWE 2K17 PC',109.99,'',1,6,'wwe-2k17-pc.jpg',NULL),(263,'Blood Bowl Legendary Edition PL PC',9.99,'',1,6,'blood-bowl-pl-pc.jpg',NULL),(264,'Blood Bowl PL PC',9.99,'',1,6,'blood-bowl-pl-pc.jpg',NULL),(265,'NBA 2K16 PC',99.99,'',1,6,'nba-2k16-pc.jpg',NULL),(266,'Pro Evolution Soccer 2014 PES 14 Gamebook PC',24.99,'',1,6,'pro-evolution-soccer-2014-pes-14-pc-gamebook.jpg',NULL),(267,'Real Boxing Gamebook PC',9.99,'',1,6,'real-boxing-gamebook-pc.jpg',NULL),(268,'Król Futbolu Piłkarski Quiz PL PC',1.99,'',1,6,'krol-futbolu-pilkarski-quiz-pl-pc.jpg',NULL),(269,'SHAUN WHITE SNOWBOARDING PC',3.99,'',1,6,'shaun-white-snowboarding-pc.jpg',NULL),(270,'Seria Day1: WRC 5 PC PL',54.99,'',1,7,'seria-day1-wrc-5-pc-pl.jpg',NULL),(271,'The Crew 2 (PC)',199.99,'',1,7,'the-crew-2-pc.jpg',NULL),(272,'WRC 7 (PC) PL',154.99,'',1,7,'wrc-7-pc-pl.jpg',NULL),(273,'F1 2017 PC Edycja Specjalna PL',169.99,'',1,7,'f1-2017-pc-day-one-edition.jpg',NULL),(274,'NEED FOR SPEED PAYBACK PL PC',188.99,'',1,7,'need-for-speed-payback-pc.jpg',NULL),(275,'Micro Machines: World Series PC',109.00,'',1,7,'micro-machines-world-series-pc.jpg',NULL),(276,'Project Cars 2 Edycja Kolekcjonerska PL PC',519.99,'',1,7,'project-cars-2-pl-edycja-limitowana-pc.jpg',NULL),(277,'Project Cars 2 Edycja Limitowana PL PC',164.99,'',1,7,'project-cars-2-pl-edycja-limitowana-pc.jpg',NULL),(278,'Project Cars 2 PL PC',159.00,'',1,7,'project-cars-2-pl-pc.jpg',NULL),(279,'DiRT 4 Day One PL PC',149.00,'',1,7,'dirt-4-pc.jpg',NULL),(280,'The Crew Ultimate Edition PC',109.99,'',1,7,'the-crew-ultimate-edition-pc.jpg',NULL),(281,'Euro Truck Simulator 2 - Vive la France! PC ',54.99,'',1,7,'euro-truck-simulator-2-vive-la-france-pc-.jpg',NULL),(282,'MOTO RACER 4 PC',49.99,'',1,7,'moto-racer-4-pc.jpg',NULL),(283,'Sebastien Loeb Rally Evo EK PC',24.99,'',1,7,'sebastien-loeb-rally-evo-ek-pc.jpg',NULL),(284,'WRC 6 PL PC +DLC',124.99,'',1,7,'wrc-6-pl-pc.jpg',NULL),(285,'F1 2016 PC',109.99,'',1,7,'f1-2016-pc.jpg',NULL),(286,'Dobra gra: Race Injection PC',9.90,'',1,7,'dobra-race-injection-pc.jpg',NULL),(287,'MUD FIA MOTOCROSS PC',9.99,'',1,7,'mud-fia-motocross-pl-pc.jpg',NULL),(288,'Sebastien Loeb Rally Evo PC',24.99,'',1,7,'sebastien-loeb-rally-evo-pc.jpg',NULL),(289,'FIM Speedway Grand Prix 15 PL PC',59.00,'',1,7,'fim-speedway-grand-prix-15-pc.jpg',NULL),(290,'WRC 5 PL PC',34.99,'',1,7,'wrc-5-pc.jpg',NULL),(291,'Need for Speed PL  PC',49.99,'',1,7,'need-for-speed-pc.jpg',NULL),(292,'MXGP The Official Motocross Videogame PC',7.99,'',1,7,'mxgp-the-official-motocross-videogame-pc.jpg',NULL),(293,'MX VS ATV UNLEASHED PC',4.90,'',1,7,'mx-vs-atv-unleashed-pc.jpg',NULL),(294,'WRC: FIA World Rally Championship 4 PL GAMEBOOK PC',14.99,'',1,7,'wrc-fia-world-rally-championship-4-pl-pc.jpg',NULL),(295,'MotoGP 13 Gamebook PC',14.99,'',1,7,'-motogp-13-gamebook-pc.jpg',NULL),(296,'MotoGP 14 PL PC',12.99,'',1,7,'moto-gp-14-pl-pc.jpg',NULL),(297,'Zestaw Rajdowca PC',29.99,'',1,7,'zestaw-rajdowca-pc.jpg',NULL),(298,'Paris Chase PC PL',19.90,'',1,7,'paris-chase-pc-pl.jpg',NULL),(299,'Police Supercars Racing PC',19.90,'',1,7,'police-supercars-racing-pc-ang.jpg',NULL),(300,'Need for Speed Undercover PL Classics PC',49.89,'',1,7,'need-for-speed-undercover-pl-classics-pc.jpg',NULL),(301,'Xpand Rally Pack PL - Dobra Gra PC',9.90,'',1,7,'xpand-rally-pack-pl-dobra-gra-pc.jpg',NULL),(302,'GTR Evolution - Dobra Gra PC',9.90,'',1,7,'gtr-evolution-dobra-gra-pc.jpg',NULL),(303,'Nascar 14 PC',69.00,'',1,7,'nascar-14-pc.jpg',NULL),(304,'Need for Speed Shift 2 Unleashed PL Classics PC',49.89,'',1,7,'need-for-speed-shift-2-unleashed-pl-classics-pc.jpg',NULL),(305,'Need for Speed Carbon PL PC',39.99,'',1,7,'need-for-speed-carbon-pl-pc.jpg',NULL),(306,'Need For Speed The Run PL PC',49.89,'',1,7,'need-for-speed-the-run-pc.jpg',NULL),(307,'RIDGE RACER UNBOUNDED PC',14.99,'',1,7,'ridge-racer-unbounded-pc.jpg',NULL),(308,'Need for Speed Shift PL PC',34.99,'',1,7,'need-for-speed-shift-pl-pc.jpg',NULL),(309,'Dark Souls II: Scholar of the First Sin PL NPG PC',62.99,'',1,8,'dark-souls-ii-scholar-of-the-first-sin-pc-pl.jpg',NULL),(310,'DEX Dobra gra PL PC',9.90,'',1,8,'dex-dobra-gra-pl-pc.jpg',NULL),(311,'Chivalry Medieval Warfare PL PC',9.90,'',1,8,'chivalry-pl-pc.jpg',NULL),(312,'Sacred 3 Pierwsza Edycja PL PC',39.00,'',1,8,'sacred-3-pl-pc.jpg',NULL),(313,'Torchlight II 2 PL PC NPG',19.99,'',1,8,'torchlight-ii-2-pl-pc-npg.jpg',NULL),(314,'Marvel vs Capcom Infinite PL PC',134.99,'',1,9,'marvel-vs-capcom-infinite-pc.jpg',NULL),(315,'Tekken 7 Edycja Kolekcjonerska PC',399.99,'',1,9,'tekken-7-edycja-kolekcjonerska-pc.jpg',NULL),(316,'Mortal Kombat X PL NPG PC',59.99,'',1,9,'mortal-kombat-x-pl-npg-pc.jpg',NULL),(317,'WWE 2K16 PC + DLC',69.99,'',1,9,'wwe-2k16-pc-dlc.jpg',NULL),(318,'Injustice Gods Among Us Ultimate Edition PL PKK PC',29.00,'',1,9,'injustice-gods-among-us-ultimate-edition-pl-pkk-pc.jpg',NULL),(319,'Injustice Gods Among Us Ultimate Edition PL PC NPG',29.99,'',1,9,'injustice-gods-among-us-ultimate-pl-pc-np-g.jpg',NULL),(320,'Ultra Street Fighter IV PKK PC',29.00,'',1,9,'ultra-street-fighter-iv-pkk-pc.jpg',NULL),(321,'Mortal Kombat Komplete Edition PKK PC',29.00,'',1,9,'mortal-kombat-komplete-edition-pc.jpg',NULL),(322,'Naruto Shippuden Ultimate Ninja Storm 3 Full Burst PC PKK',28.99,'',1,9,'naruto-shippuden-ultimate-ninja-storm-3-full-burst-pc.jpg',NULL),(323,'Necropolis: Brutal Edition PC',44.99,'',1,10,'necropolis-brutal-edition-pc.jpg',NULL),(324,'VICTOR VRAN PL PC',12.99,'',1,10,'victor-vran-pc.jpg',NULL),(325,'The Incredible Adventures of Van Helsing II PL PC',19.99,'',1,10,'van-helsing-2-pl-pc.jpg',NULL),(326,'DmC Devil May Cry PL / ANG PC NPG',44.99,'',1,10,'dmc-devil-may-cry-pl-ang-pc.jpg',NULL),(327,'Castlevania Lords of Shadow 2 PC',34.99,'',1,10,'castlevania-lords-of-shadow-2-pc.jpg',NULL),(328,'Final Fantasy VII/ Final Fantasy VIII Double Pack Edition PC',64.99,'',1,11,'final-fantasy-vii-final-fantasy-viii-double-pack-edition-pc.jpg',NULL),(329,'Final Fantasy III/ Final Fantasy IV Double Pack Edition PC',64.99,'',1,11,'final-fantasy-iii-final-fantasy-iv-double-pack-edition-pc.jpg',NULL),(330,'Karaoke Extra Hity 3 PC',79.90,'',1,12,'karaoke-extra-hity-3-pc.jpg',NULL),(331,'Disney Sing It! High School Musical + mikrofon PC',29.00,'',1,12,'disney-sing-it-high-school-musical-mikrofon-pc.jpg',NULL),(332,'Karaoke Radio Wawa + Mikrofon PC',59.00,'',1,12,'karaoke-radio-wawa-mikrofon-pc.jpg',NULL),(333,'Karaoke for Fun: 50 hitów + Mikrofon PC',59.00,'',1,12,'karaoke-for-fun-50-hitow-mikrofon-pc.jpg',NULL),(334,'Karaoke Radio Eska vol.2 + Mikrofon PC',65.00,'',1,12,'karaoke-radio-eska-2013-pc.jpg',NULL),(335,'Karaoke 80 Hitów + mikrofon PC',69.00,'',1,12,'karaoke-80-hitow-mikrofon-pc.jpg',NULL),(336,'The Sims 4 + Dodatek Psy i Koty PL (ZESTAW SPECJALNY) PC',179.00,'',1,13,'the-sims-4-dodatek-psy-i-koty-pl-pc.jpg',NULL),(337,'Symmetry PC',33.90,'',1,13,'symmetry-pc.jpg',NULL),(338,'Trylogia: Wiedźmin (1+2+3) Edycja Gry Roku (STEELBOOK) PC PL',211.99,'',1,13,'trylogia-wiedzmin-123-edycja-gry-roku-steelbook-pc-pl.jpg',NULL),(339,'Seria Dobra Gra Plus: Holy potatoes we\'re in space PL PC',24.99,'',1,13,'seria-dobra-gra-plus-holy-potatoes-we-re-in-space-pl-pc.jpg',NULL),(340,'Seria Dobra Gra Plus: Obduction PL PC',24.99,'',1,13,'seria-dobra-gra-plus-obduction-pl-pc.jpg',NULL),(341,'Seven: The Days Long Gone D1 Edition PC',89.99,'',1,13,'seven-the-days-long-gone-pc.jpg',NULL),(342,'Filary Ziemi - Edycja Kingsbridge PC',59.00,'',1,13,'filary-ziemi-edycja-kingsbridge-pc.jpg',NULL),(343,'RIME PL PC',94.99,'',1,13,'rime-pl-pc.jpg',NULL),(344,'Beholder PL PC',29.00,'',1,13,'beholder-pl-pc.jpg',NULL),(345,'Syberia 3 PL EDYCJA KOLEKCJONERSKA PC',299.99,'',1,13,'syberia-3-pl-edycja-kolekcjonerska-pc.jpg',NULL),(346,'LEGO CITY: Tajny agent PL PC',64.99,'',1,13,'lego-city-tajny-agent-pc.jpg',NULL),(347,'LEGO Worlds PL PC',59.99,'',1,13,'lego-worlds-pl-pc.jpg',NULL),(348,'Silence + Whispered World PL PC',49.99,'',1,13,'silence-whispered-world-pl-pc.jpg',NULL),(349,'Hard West PL EK PC',28.99,'',1,13,'hard-west-pl-ek-pc.jpg',NULL),(350,'AGATHA CHRISTIE - THE ABC MURDERS EK PC',28.99,'',1,13,'agatha-christie-the-abc-murders-ek-pc.jpg',NULL),(351,'Layers of Fear Masterpiece Edition PL PC',47.99,'',1,13,'layers-of-fear-masterpiece-edition-pc.jpg',NULL),(352,'Yesterday Origins PL PC',39.99,'',1,13,'yesterday-origins-pc.jpg',NULL),(353,'Syberia 3 PL PC',64.99,'',1,13,'syberia-3-pc-pl.jpg',NULL),(354,'Deadlight: Director\'s Cut PC + Bonus',29.99,'',1,13,'deadlight-director-s-cut-pc-bonus.jpg',NULL),(355,'Knock Knock Dobra gra PC',9.90,'',1,13,'knock-knock-dobra-gra-pc.jpg',NULL),(356,'Monochroma Edycja Rozszerzona Dobra Gra PC',9.90,'',1,13,'monochroma-edycja-rozszerzona-dobra-gra-pc.jpg',NULL),(357,'Pakiet Lego Władca Pierścieni i Lego Hobbit PC',79.99,'',1,13,'pakiet-lego-wladca-pierscieni-i-lego-hobbit-pc.jpg',NULL),(358,'Sherlock Holmes The Devils Daughter PC',114.99,'',1,13,'sherlock-holmes-the-devils-daughter-pc.jpg',NULL),(359,'Zaginięcie Ethana Cartera PL Extra Klasyka PC',29.99,'',1,13,'zaginiecie-ethana-cartera-pl-pc.jpg',NULL),(360,'Stasis PL PC',31.99,'',1,13,'stasis-pl-pc.jpg',NULL),(361,'Lego Star Wars: The Force Awakens (Gwiezdne wojny: Przebudzenie Mocy) Dubbing PL PC',59.99,'',1,13,'lego-star-wars-the-force-awakens-gwiezdne-wojny-przebudzenie-mocy-pc.jpg',NULL),(362,'LEGO Marvels Avengers PL PC',74.99,'',1,13,'lego-marvels-avengers-pl-pc.jpg',NULL),(363,'The Sims 4 Zestaw 2 PL PC',79.99,'',1,13,'the-sims-4-zestaw-2-pl-pc.jpg',NULL),(364,'The Book of Unwritten Tales 2 PL PC',49.00,'',1,13,'the-book-of-unwritten-tales-2-pc.jpg',NULL),(365,'Dead Synchronicity: Tomorrow Comes Today PC',30.99,'',1,13,'dead-synchronicity-tomorrow-comes-today-pc.jpg',NULL),(366,'Prosiaczek i Przyjaciele Disney Magiczna Kolekcja PC PL',19.99,'',1,13,'prosiaczek-i-przyjaciele-disney-magiczna-kolekcja-pc-pl.jpg',NULL),(367,'Piotruś Pan PC PL',24.99,'',1,13,'piotrus-pan-pc-pl.jpg',NULL),(368,'Witch Disney Magiczna Kolekcja PC',24.99,'',1,13,'witch-disney-magiczna-kolekcja-pc.jpg',NULL),(369,'TAC ALTERNATIVA PL PC',14.99,'',1,13,'tac-alternativa-pl.jpg',NULL),(370,'Albedo Eyes From Outer Space Dobra Gra PC',9.90,'',1,13,'albedo-eyes-from-outer-space-dobra-gra-pc.jpg',NULL),(371,'Kholat PL/ANG PC',29.99,'',1,13,'kholat-plang-pc.jpg',NULL),(372,'Runaway: Przewrotny Los PL PC',29.00,'',1,13,'runaway-przewrotny-los-pl-pc.jpg',NULL),(373,'Magicka 2 Deluxe Edition PL PC',59.99,'',1,13,'magicka-2-deluxe-edition-pl-pc.jpg',NULL),(374,'The Inner World - Dobra Gra PC',9.90,'',1,13,'the-inner-world-dobra-gra-pc.jpg',NULL),(375,'Monkey Island Special Edition Collection PC',9.99,'',1,13,'monkey-island-special-edition-collection-pc.jpg',NULL),(376,'LEGO Star Wars The Complete Saga PC',24.99,'',1,13,'lego-star-wars-the-complete-saga-pc.jpg',NULL),(377,'DAEDALIC ADVENTURE COLLECTION PL GAMEBOOK PC',9.99,'',1,13,'daedalic-adventure-collection-pl-gamebook-pc.jpg',NULL),(378,'1954 ALCATRAZ PL GAMEBOOK PC ',9.99,'',1,13,'1954-alcatraz-pl-pc.jpg',NULL),(379,'Gramy w kryminały: E. Carter, Sherlok, Broken Sword',49.00,'',1,13,'gramy-w-kryminaly-e-carter-sherlok-broken-sword.jpg',NULL),(380,'A NEW BEGINNING Odrodzenie PL PC',14.99,'',1,13,'a-new-beginning-odrodzenie-pl-pc.jpg',NULL),(381,'Disney Kraina Gier Fineasz i Ferb Nowe Wynalazki PL PC ',14.99,'',1,13,'disney-kraina-gier-fineasz-i-ferb-nowe-wynalazki-.jpg',NULL),(382,'Moebius: Empire Rising PL PC',25.00,'',1,13,'moebius-empire-rising-pc.jpg',NULL),(383,'Face Noir PL PC',39.90,'',1,13,'face-noir-pl-pc.jpg',NULL),(384,'LEGO Batman 3: Poza Gotham PL PC',64.99,'',1,13,'lego-batman-3-poza-gotham-pl-pc.jpg',NULL),(385,'Disney Magiczny 2pak Tygrysek + Prosiaczek i przyjaciele PC PL',19.90,'',1,13,'disney-magiczny-2pak-tygrysek-prosiaczek-i-przyjaciele-pc-pl.jpg',NULL),(386,'The Next BIG Thing PL PC',9.00,'',1,13,'the-next-big-thing-pl-pc.jpg',NULL),(387,'Mousecraft Gamebook PC',9.99,'',1,13,'mousecraft-gamebook-pc.jpg',NULL),(388,'Deponia 1 PL + Deponia 2 PL PC',14.99,'',1,13,'deponia-1-pl-deponia-2-pl-pc.jpg',NULL),(389,'Broken Sword V Klątwa Węża PC',24.99,'',1,13,'broken-sword-v-klatwa-weza-pc.jpg',NULL),(390,'Harvey s New Eyes PL PC',8.99,'',1,13,'harvey-s-new-eyes-pl-pc.jpg',NULL),(391,'Murdered Śledztwo zza grobu PL PC',29.99,'',1,13,'murdered-sledztwo-zza-grobu-pl-pc.jpg',NULL),(392,'The Dark Eye - Memoria PL PC',9.99,'',1,13,'the-dark-eye-memoria-pc.jpg',NULL),(393,'LEGO The Hobbit PL PC',64.99,'',1,13,'lego-the-hobbit-pl-pc.jpg',NULL),(394,'Jade Rousseau: The Fall of Sant\' Antonio PC',19.00,'',1,13,'jade-rousseau-the-fall-of-sant-antonio-pc.jpg',NULL),(395,'LEGO Batman 2 DC SUPER HEROES PC',69.00,'',1,13,'lego-batman-2-dc-super-heroes-pc.jpg',NULL),(396,'Przygody TinTina PC',15.00,'',1,13,'przygody-tin-tina-pc.jpg',NULL),(397,'The Tiny Bang Story PL PC',29.00,'',1,13,'the-tiny-bang-story-pl-pc.jpg',NULL),(398,'Resident Evil 7 Biohazard Gold Edition PC',129.90,'',1,14,'resident-evil-7-biohazard-gold-edition-pc.jpg',NULL),(399,'Seria Dobra Gra Plus: Layers of Fear PL PC',24.99,'',1,14,'seria-dobra-gra-plus-layers-of-fear.jpg',NULL),(400,'Seria Day1: Dead Island Definitive Collection PC PL',54.99,'',1,14,'seria-day1-dead-island-definitive-collection-pc-pl.jpg',NULL),(401,'Seria Day1: Dying Light PC PL',54.99,'',1,14,'seria-day1-dying-light-pc-pl.jpg',NULL),(402,'Observer PC PL',64.99,'',1,14,'observer-pc-pl.jpg',NULL),(403,'Get Even PL PC',74.99,'',1,14,'get-even-pl-pc.jpg',NULL),(404,'Little Nightmares - Six Edition PC',109.99,'',1,14,'little-nightmares-six-edition-pc.jpg',NULL),(405,'Husk PC PL PC + KHOLAT',54.99,'',1,14,'husk-pc-pl-pc.jpg',NULL),(406,'Obcy Izolacja PKK PC PL',29.99,'',1,14,'obcy-izolacja-pkk-pc-pl.jpg',NULL),(407,'Obcy Izolacja NPG PC PL',59.99,'',1,14,'obcy-izolacja-pl-edycja-nostromo-pc.jpg',NULL),(408,'American Truck Simulator Gold Edition PL',84.99,'',1,15,'american-truck-simulator-gold-edition-pl.jpg',NULL),(409,'American Truck Simulator: New Mexico DLC PL PC',34.99,'',1,15,'american-truck-simulator-new-mexico-dlc-pl-pc.jpg',NULL),(410,'Pure Farming 2018 PC',79.90,'',1,15,'pure-farming-2018-pc.jpg',NULL),(411,'Farming Simulator 17 Dodatek platynowy PC',54.99,'',1,15,'farming-simulator-17-dodatek-platynowy.jpg',NULL),(412,'HELIBORNE PL (PC)',64.99,'',1,15,'heliborne-pc.jpg',NULL),(413,'Il-Sturmovik 2 Cliffs of Dover PKK PC PL',29.00,'',1,15,'il-sturmovik-2-cliffs-of-dover-pkk-pc-pl.jpg',NULL),(414,'SPINTIRES: MUDRUNNER PL PC',64.99,'',1,15,'spintires-mudrunner-pc.jpg',NULL),(415,'Everspace: Big Bang Edition PC',74.99,'',1,15,'everspace-big-bang-edition-pc.jpg',NULL),(416,'FARMING SIMULATOR 17 Black Edition PL PC',109.99,'',1,15,'farming-simulator-17-black-edition-pl-pc.jpg',NULL),(417,'Polskie Symulatory: Wielkie statki Bałtyku 2017 PL PC',19.99,'',1,15,'polskie-symulatory-wielkie-statki-baltyku-2017-pl-pc.jpg',NULL),(418,'Polskie Symulatory: Wielkie Maszyny 2017 PL PC',19.99,'',1,15,'polskie-symulatory-wielkie-maszyny-2017-pl-pc.jpg',NULL),(419,'Polskie Symulatory: Demolka i budowa 2017 PL PC',19.99,'',1,15,'polskie-symulatory-demolka-i-budowa-2017-pl-pc.jpg',NULL),(420,'Polskie Symulatory: Roboty i drony 2017 PL PC',19.99,'',1,15,'polskie-symulatory-roboty-i-drony-2017-pl-pc.jpg',NULL),(421,'Polskie Symulatory: Mechanik taboru kolejowego 2017 PC',39.99,'',1,15,'polskie-symulatory-mechanik-taboru-kolejowego-2017-pc.jpg',NULL),(422,'Operator numeru alarmowego PC',24.99,'',1,15,'operator-numeru-alarmowego-pc.jpg',NULL),(423,'Symulator Straży Pożarnej 2017 PL PC',46.99,'',1,15,'symulator-strazy-pozarnej-2017-pl-pc.jpg',NULL),(424,'DILUVION - FLEET EDITION PC',49.99,'',1,15,'diluvion-fleet-edition-pc.jpg',NULL),(425,'TRANSPORT FEVER PC',59.99,'',1,15,'transport-fever-pc.jpg',NULL),(426,'Train Simulator 2017 - Symulator Pociągu 2017 PL PC',59.00,'',1,15,'train-simulator-2017-symulator-pociagu-2017-pl-pc.jpg',NULL),(427,'ARMORED WARFARE PL PC',33.99,'',1,15,'armored-warfare-pl-pc.jpg',NULL),(428,'Symulator lotniskowej straży pożarnej 2013 PL NSS PC',12.99,'',1,15,'symulator-lotniskowej-strazy-pozarnej-2013-pl-nss-pc.jpg',NULL),(429,'Świat Symulatorów Symulator karetki 2014 PL NSS PC',12.99,'',1,15,'swiat-symulatorow-symulator-karetki-2014-pl-pc.jpg',NULL),(430,'CONSTRUCTION MACHINES 2016 PL NSS PC',12.99,'',1,15,'construction-machines-2016-pl-nss-pc.jpg',NULL),(431,'Truck Mechanic Simulator 2015 PL NSS PC',19.99,'',1,15,'truck-mechanic-simulator-2015-pl-nss-pc.jpg',NULL),(432,'Symulator Służb Ratunkowych NSS PL PC',12.99,'',1,15,'symulator-sluzb-ratunkowych-nss-pl-pc.jpg',NULL),(433,'Helicopter Simulator 2015 Natural Disasters NSS PC',12.99,'',1,15,'helicopter-simulator-2015-natural-disasters-nss-pc.jpg',NULL),(434,'SYMULATOR LOTNISKA 2013 PL NSS PC',12.99,'',1,15,'symulator-lotniska-2013-pl-nss-pc.jpg',NULL),(435,'SYMULATOR PARKU WODNEGO PL NSS PC',12.99,'',1,15,'symulator-parku-wodnego-pl-nss-pc.jpg',NULL),(436,'FARMING SIMULATOR 17 PL PC',64.99,'',1,15,'farming-simulator-17-pl-pc.jpg',NULL),(437,'Microsoft Flight Simulator X Steam Edition PC',99.99,'',1,15,'microsoft-flight-simulator-x-steam-edition-pc.jpg',NULL),(438,'Farming Simulator 2015 Oficjalny Dodatek 2 PC',39.99,'',1,15,'farming-simulator-2015-oficjalny-dodatek-2-pc.jpg',NULL),(439,'Symulator Straży Pożarnej: Lotnisko PL PC',49.00,'',1,15,'symulator-strazy-pozarnej-lotnisko-pc.jpg',NULL),(440,'SKYSCRAPER SIMULATOR PL PC',34.99,'',1,15,'skyscraper-simulator-pl-pc.jpg',NULL),(441,'American Truck Simulator- pakiet startowy California + Nevada + Arizona PC',39.99,'',1,15,'american-truck-simulator-pakiet-startowy-california-pc.jpg',NULL),(442,'Rescue - Everyday Heroes 2 PC',49.00,'',1,15,'rescue-everyday-heroes-2-pc.jpg',NULL),(443,'Symulator Farmy 2016 PC',34.99,'',1,15,'symulator-farmy-2016-pc.jpg',NULL),(444,'Klasyka Symulatorów: Symulator Maszyn Transportowych (Logistic Company) PL PC',9.99,'',1,15,'klasyka-symulatorow-logistic-company-pl-pc.jpg',NULL),(445,'POKER SIMULATOR PL PC',24.99,'',1,15,'poker-simulator-pl-pc.jpg',NULL),(446,'Euro Truck Simulator 2015 Edycja Legendarna PL PC',124.99,'',1,15,'euro-truck-simulator-2015-edycja-legendarna-pl-pc.jpg',NULL),(447,'Farming Simulator 2015 - oficjalny dodatek PL PC',39.99,'',1,15,'farming-simulator-2015-oficjalny-dodatek-pl-pc.jpg',NULL),(448,'Farming Simulator 2015 Złota Edycja PL PC',69.99,'',1,15,'farming-simulator-2015-zlota-edycja-pl-pc.jpg',NULL),(449,'Symulator kurortu nadmorskiego PL PC',41.99,'',1,15,'symulator-kurortu-nadmorskiego-pc.jpg',NULL),(450,'Symulator Kompanii Górniczej PL PC',39.99,'',1,15,'symulator-kompanii-gorniczej-pl-pc.jpg',NULL),(451,'Europejski Symulator Statku PL PC',39.90,'',1,15,'symulator-statku-pl-pc.jpg',NULL),(452,'Euro Truck Simulator 2 Edycja Roku PC',59.99,'',1,15,'euro-truck-simulator-2-edycja-roku-pc.jpg',NULL),(453,'Klasyka Symulatorów: Symulator Poczty Lotniczej PL PC',9.99,'',1,15,'symulator-poczty-lotniczej-pl-pc.jpg',NULL),(454,'Niesamowite Maszyny: Symulator Ratownictwa Morskiego PL PC',34.90,'',1,15,'niesamowite-maszyny-symulator-ratownictwa-morskiego-pl-pc.jpg',NULL),(455,'HELICOPTER: NATURAL DISASTERS PL PC',29.99,'',1,15,'helicopter-natural-disasters-pl-pc.jpg',NULL),(456,'TRUCK MECHANIC 2015 PL PC',14.99,'',1,15,'truck-mechanic-2015-pl-pc.jpg',NULL),(457,'Euro Truck Simulator 2 DLC Skandynawia PL PC',47.99,'',1,15,'euro-truck-simulator-2-dlc-skandynawia-pl-pc.jpg',NULL),(458,'Dig it! Symulator Koparki 2015 PL PC',49.90,'',1,15,'symulator-koparki-2015-pl-pc.jpg',NULL),(459,'Euro Truck Simulator 2 Złota Edycja PL PC',44.99,'',1,15,'euro-truck-simulator-2-zlota-edycja-pl-pc.jpg',NULL),(460,'Niesamowite Maszyny: Symulator Śmieciarki 2 PL PC',34.99,'',1,15,'niesamowite-maszyny-symulator-smieciarki-2-pl-pc.jpg',NULL),(461,'Dobra Gra: Vector Thrust PL PC',9.90,'',1,15,'dobra-gra-vector-thrust-pl-pc.jpg',NULL),(462,'Niesamowite Maszyny: Symulator Pomocy drogowej',9.99,'',1,15,'niesamowite-maszyny-roadside-assistance-sim.jpg',NULL),(463,'Mechanik Maszyn Rolniczych 2015 PL PC',24.99,'',1,15,'mechanik-maszyn-rolniczych-pl-pc.jpg',NULL),(464,'Symulator lotniska 2013 PL PC',9.99,'',1,15,'symulator-lotniska-2013-pl-pc.jpg',NULL),(465,'Symulator kamieniołomu PL PC',9.99,'',1,15,'symulator-kamieniolomu-pl-pc.jpg',NULL),(466,'Symulator maszyn budowlanych PL PC',9.99,'',1,15,'symulator-maszyn-budowlanych-pl-pc.jpg',NULL),(467,'Symulator wózka widłowego PL PC',9.99,'',1,15,'symulator-wozka-widlowego-pl-pc.jpg',NULL),(468,'Symulator pojazdów drogowych 2012 PL PC',9.99,'',1,15,'symulator-pojazdow-drogowych-2012-pl-pc.jpg',NULL),(469,'Symulator taksówki Nowy Jork PL PC',9.99,'',1,15,'symulator-taksowki-nowy-jork-pl-pc.jpg',NULL),(470,'Symulator Złomowiska Niesamowite Maszyny',35.00,'',1,15,'symulator-zlomowiska-niesamowite-maszyny.jpg',NULL),(471,'Klasyka Symulatorów: Symulator Legendarnych Maszyn',9.99,'',1,15,'klasyka-symulatorow-symulator-legendarnych-maszyn.jpg',NULL),(472,'Farming Giant PL PC',19.00,'',1,15,'farming-giant-pc.jpg',NULL),(473,'Symulator Farmy 2015 PREMIUM PL PC',79.00,'',1,15,'symulatory-farmy-2015-pl-pc.jpg',NULL),(474,'Symulator Farmy 2015 PL PC',39.99,'',1,15,'symulatory-farmy-2015-pl-pc.jpg',NULL),(475,'HIS Heroes in the Sky PC',19.00,'',1,15,'his-heroes-in-the-sky-pc.jpg',NULL),(476,'SIM Bridge Project PL PC',15.00,'',1,15,'sim-bridge-project-pl-pc.jpg',NULL),(477,'Świat Symulatorów Symulator służb ratunkowych 2014 PL PC',9.99,'',1,15,'swiat-symulatorow-symulator-sluzb-ratunkowych-2014-pl-pc.jpg',NULL),(478,'Świat Symulatorów Symulator karetki 2014 PL PC',9.99,'',1,15,'swiat-symulatorow-symulator-karetki-2014-pl-pc.jpg',NULL),(479,'Pakiet  Symulator Transportu Rzecznego / Symulator Stoczni PC',9.99,'',1,15,'pakiet-symulator-transportu-rzecznego-symulator-stoczni-pc.jpg',NULL),(480,'Pakiet Symulator Lotniskowej Straży Pożarnej 2013 / Symulator Lotniska 2013 PC',9.99,'',1,15,'pakiet-symulator-lotniskowej-strazy-pozarnej-2013-symulator-lotniska-2013-pc.jpg',NULL),(481,'SYMULATOR FARMY 2013 EDYCJA PREMIUM PL PC Niesamowite Maszyny',39.00,'',1,15,'symulator-farmy-2013-edycja-premium-dodatki-pl-pc.jpg',NULL),(482,'Symulator Kopalni Odkrywkowej PL PC Niesamowite Maszyny',39.00,'',1,15,'symulator-kopalni-odkrywkowej-pl-pc-niesamowite-maszyny.jpg',NULL),(483,'Symulator Pojazdów Specjalnych PL PC Niesamowite Maszyny',9.99,'',1,15,'symulator-pojazdow-specjalnych-pl-pc-niesamowite-maszyny.jpg',NULL),(484,'Symulator Czołgu PL PC Niesamowite Maszyny',39.00,'',1,15,'symulator-czolgu-pl-pc-niesamowite-maszyny.jpg',NULL),(485,'Symulator Robót Górniczych PC PC Klasyka Symulatorów',9.99,'',1,15,'symulator-robot-gorniczych-pc-pc-klasyka-symulatorow.jpg',NULL),(486,'Symulator Farmy 2013 PC Klasyka Symulatorów',9.99,'',1,15,'symulator-farmy-2013-pc-klasyka-symulatorow.jpg',NULL),(487,'Symulator Budowy Mostów PL PC Klasyka Symulatorów',9.99,'',1,15,'symulator-budowy-mostow-pl-pc-klasyka-symulatorow.jpg',NULL),(488,'Symulator Portu PL PC Klasyka Symulatorów',9.99,'',1,15,'symulator-portu-pl-pc.jpg',NULL),(489,'Symulator Farmy 2014 Edycja Premium PL PC',34.99,'',1,15,'symulator-farmy-2014-edycja-premium-pl-pc.jpg',NULL),(490,'Symulator Transportu Specjalistycznego + książka PC',9.99,'',1,15,'cd-projekt-symulator-transportu-specjalistycznego-ksiazka-pc.jpg',NULL),(491,'Symulator wozu dostawczego + książka PC',9.99,'',1,15,'symulator-wozu-dostawczego-ksiazka-pc.jpg',NULL),(492,'Symulator OMSI Symulator Autobusu PL PC Niesamowite Maszyny',9.99,'',1,15,'niesamowite-maszyny-symulator-omsi-symulator-autobusu-pl-pc.jpg',NULL),(493,'Symulator Pociągu 2014 PL PC',64.99,'',1,15,'symulator-pociagu-2014-pl-pc.jpg',NULL),(494,'Symulator Wędkarstwa PL PC',9.99,'',1,15,'symulator-wedkarstwa-pl-pc.jpg',NULL),(495,'The Sims 4 PL PC',134.99,'',1,15,'sims-4-pl-pc.jpg',NULL),(496,'EURO TRUCK SIMULATOR 2 PC PL',39.00,'',1,15,'euro-truck-simulator-2-pc-pl.jpg',NULL),(497,'Agrar Symulator 2012 PL PC Niesamowite Maszyny',39.00,'',1,15,'agrar-symulator-2012-pl-pc-niesamowite-maszyny.jpg',NULL),(498,'Serial Cleaner Ed Premium Brudna Robota PC',49.99,'',1,16,'serial-cleaner-ed-premium-brudna-robota-pc.jpg',NULL),(499,'Holy Potatoes! We\'re In Space! PL PC',39.99,'',1,16,'holy-potatoes-we-re-in-space-pl-pc.jpg',NULL),(500,'Worms W.M.D All-stars Edition PC',53.99,'',1,16,'worms-wmd-all-stars-edition-pc.jpg',NULL),(501,'ORI AND THE BLIND FOREST DEFINITIVE EDITION PC',49.99,'',1,16,'ori-and-the-blind-forest-definitive-edition-pc.jpg',NULL),(502,'StarDrive PL PC Dobra Gra',9.90,'',1,16,'stardrive-pl-pc.jpg',NULL),(503,'BRAWL Dobra Gra PL PC',9.90,'',1,16,'brawl-pl-pc.jpg',NULL),(504,'Świat Kangurka Kao PC (3 GRY)',19.99,'',1,16,'swiat-kangurka-kao-pc-3-gry.jpg',NULL),(505,'Dobra Gra: Feist PL PC',9.90,'',1,16,'dobra-gra-feist-pl-pc.jpg',NULL),(506,'A-Men 2 Dobra Gra PL PC',9.90,'',1,16,'a-men-2-pl-pc.jpg',NULL),(507,'Gdzie jest Nemo? Podwodny Plac Zabaw PC PL',19.99,'',1,16,'gdzie-jest-nemo-podwodny-plac-zabaw-pc-pl.jpg',NULL),(508,'Kurczak Mały As w akcji PC PL',19.99,'',1,16,'kurczak-maly-as-w-akcji-pc-pl.jpg',NULL),(509,'Tygrysek Uczta Kubusia Disney Magiczna Kolekcja PC PL',19.99,'',1,16,'tygrysek-uczta-kubusia-pc-disney-magiczna-kolekcja.jpg',NULL),(510,'EGO PROTOCOL PL PC',24.99,'',1,16,'ego-protocol-pl-pc.jpg',NULL),(511,'Worms: Revolution PL PC',9.99,'',1,16,'worms-revolution-pl-pc.jpg',NULL),(512,'Awesomenauts Edycja Kolekcjonerska PL PC',9.90,'',1,16,'awesomenauts-edycja-kolekcjonerska-pl-pc.jpg',NULL),(513,'Disney’s Planes / Samoloty PL PC',14.99,'',1,16,'disneys-planes-samoloty-pl-pc.jpg',NULL),(514,'Disney Kraina Gier Potwory i Spółka Wyspa Strachów PC',14.99,'',1,16,'disney-kraina-gier-potwory-i-spolka-wyspa-strachow-pc.jpg',NULL),(515,'Disney Kraina Gier Odlot PC',14.99,'',1,16,'disney-kraina-gier-odlot-pc.jpg',NULL),(516,'Disney Kraina Gier Król Lew PC',14.99,'',1,16,'disney-kraina-gier-krol-lew-pc.jpg',NULL),(517,'Disney Kraina Gier Iniemamocni Podziemne Starcie PL PC',14.99,'',1,16,'disney-kraina-gier-iniemamocni-podziemne-starcie-.jpg',NULL),(518,'Disney Kraina Gier Iniemamocni PC',14.99,'',1,16,'disney-kraina-gier-iniemamocni-pc.jpg',NULL),(519,'Disney Kraina Gier Gdzie jest Nemo? PC',14.99,'',1,16,'disney-kraina-gier-gdzie-jest-nemo-pc.jpg',NULL),(520,'Flockers PL PC',12.99,'',1,16,'flockers-pl-pc.jpg',NULL),(521,'Disney Magiczna Kolekcja: Szalone Przygody Kaczora Donalda PC',19.99,'',1,16,'disney-magiczna-kolekcja-szalone-przygody-kaczora-donalda-pc.jpg',NULL),(522,'Disney Magiczna Kolekcja: Rodzinka Robinsonów PC',19.99,'',1,16,'disney-magiczna-kolekcja-rodzinka-robinsonow-pc.jpg',NULL),(523,'Angry Birds Rio PC',22.99,'',1,16,'angry-birds-rio-pc.jpg',NULL),(524,'Angry Birds Seasons PC',22.99,'',1,16,'angry-birds-seasons-pc.jpg',NULL),(525,'Angry Birds Classic PC',22.99,'',1,16,'angry-birds-classic-pc.jpg',NULL),(526,'Pacific Liberation Force PC ANG',19.90,'',1,16,'pacific-liberation-force-pc-ang.jpg',NULL),(527,'World of Goo - Dobra Gra PC',9.90,'',1,16,'world-of-goo-dobra-gra-pc.jpg',NULL),(528,'Rochard - Dobra Gra PC',9.90,'',1,16,'rochard-dobra-gra-pc.jpg',NULL),(529,'Giana Sisters - Dobra Gra PC',9.90,'',1,16,'giana-sisters-dobra-gra-pc.jpg',NULL),(530,'Air Conflicts Secret Wars - Dobra Gra PC',9.90,'',1,16,'air-conflicts-secret-wars-dobra-gra-pc.jpg',NULL),(531,'StarDrive PL PC',49.00,'',1,16,'stardrive-pl-pc.jpg',NULL),(532,'Raid: World War II PS4',169.90,'',2,1,'raid-world-war-ii-ps4.jpg',NULL),(533,'We Happy Few PS4',279.90,'',2,1,'we-happy-few-ps4.jpg',NULL),(534,'Fallout 4 Game of the Year Edition PL PS4',159.99,'',2,1,'fallout-4-game-of-the-year-edition-ps4.jpg',NULL),(535,'Battlefield 1 Rewolucja PL PS4 + Steelbook',99.99,'',2,1,'battlefield-1-rewolucja-pl-ps4.jpg',NULL),(536,'Far Cry 5 The Father Edition PS4',409.99,'',2,1,'far-cry-5-the-father-edition-ps4.jpg',NULL),(537,'Wolfenstein II: The New Colossus Edycja Kolekcjonerska PL PS4',369.99,'',2,1,'wolfenstein-ii-the-new-colossus-edycja-kolekcjonerska-ps4-pl.jpg',NULL),(538,'Wolfenstein II: The New Colossus PL PS4',209.99,'',2,1,'wolfenstein-ii-the-new-colossus-pl-ps4.jpg',NULL),(539,'Dishonored: Death of the Outsider PL PS4',99.00,'',2,1,'dishonored-death-of-the-outsider-ps4.jpg',NULL),(540,'Far Cry 5 + BONUS PS4',224.99,'',2,1,'far-cry-5-ps4.jpg',NULL),(541,'Far Cry 5 Gold Edition + BONUS PS4',319.99,'',2,1,'far-cry-5-gold-edition-bonus-ps4.jpg',NULL),(542,'Call of Duty WWII PL PS4',259.99,'',2,1,'call-of-duty-wwii-pl-ps4.jpg',NULL),(543,'Sniper Ghost Warrior 3 Stealth Edition PL PS4',299.00,'',2,1,'sniper-ghost-warrior-3-ps4.jpg',NULL),(544,'Killing Floor 2 PL PS4',109.00,'',2,1,'killing-floor-2-pl-ps4.jpg',NULL),(545,'PREY PL PS4 +DLC',214.99,'',2,1,'prey-ps4.jpg',NULL),(546,'DESTINY - THE COLLECTION PS4 + DLC',184.99,'',2,1,'destiny-the-collection-ps4.jpg',NULL),(547,'Sniper Ghost Warrior 3 Edycja Season Pass PS4',199.99,'',2,1,'sniper-ghost-warrior-3-ps4.jpg',NULL),(548,'BioShock: The Collection PS4',179.99,'',2,1,'bioshock-the-collection-ps4.jpg',NULL),(549,'TitanFall 2 PL PS4',59.99,'',2,1,'titanfall-2-pl-ps4.jpg',NULL),(550,'Dishonored 2 + DLC PL PS4',159.99,'',2,1,'dishonored-2-ps4.jpg',NULL),(551,'Call of Duty Infinite Warfare Legacy Pro Edition PS4',299.00,'',2,1,'call-of-duty-infinite-warfare-legacy-pro-edition-ps4.jpg',NULL),(552,'Dead Island Definitive Collection PL PS4',99.90,'',2,1,'dead-island-definitve-collection-ps4.jpg',NULL),(553,'Call of Duty Infinite Warfare PS4 ',99.99,'',2,1,'call-of-duty-infinite-warfare-ps4-bonus.jpg',NULL),(554,'Dying Light: The Following – Enhanced Edition PS4',79.99,'',2,1,'dying-light-the-following-enchanced-edition-ps4.jpg',NULL),(555,'Far Cry Primal PL PS4',79.99,'',2,1,'far-cry-primal-pl-ps4.jpg',NULL),(556,'Dishonored The Definitive Edition PL PS4',84.99,'',2,1,'dishonored-the-definitive-edition-ps4.jpg',NULL),(557,'Battleborn + DLC PS4',59.99,'',2,1,'battleborn-ps4.jpg',NULL),(558,'Mirrors Edge Catalyst PL + Gratis PS4',39.99,'',2,1,'mirrors-edge-catalyst-pl-ps4.jpg',NULL),(559,'DOOM PL PS4',104.99,'',2,1,'doom-pl-ps4.jpg',NULL),(560,'Deus Ex Mankind Divided Rozłam Ludzkości PL D1 PS4',104.99,'',2,1,'deus-ex-mankind-divided-ps4.jpg',NULL),(561,'PayDay 2: Crimewave Edition PS4 +DLC',79.99,'',2,1,'payday-2-crimewave-edition-ps4.jpg',NULL),(562,'Zombie Army Trilogy PS4 PL + T-Shirt',147.99,'',2,1,'zombie-army-trilogy-ps4.jpg',NULL),(563,'Shadow Warrior PL PS4',129.00,'',2,1,'shadow-warrior-ps4.jpg',NULL),(564,'Far Cry 4 PL PS4',69.99,'',2,1,'far-cry-4-ps4.jpg',NULL),(565,'Evolve PS4',79.98,'',2,1,'evolve-dlc-ps4.jpg',NULL),(566,'Destiny PS4',49.99,'',2,1,'destiny-ps4.jpg',NULL),(567,'Dissidia Final Fantasy NT PS4',249.90,'',2,2,'dissidia-final-fantasy-nt-ps4.jpg',NULL),(568,'Yakuza 6 The Song of Life PS4',229.90,'',2,2,'yakuza-6-the-song-of-life-ps4.jpg',NULL),(569,'Code Vein PS4',199.90,'',2,2,'code-vein-ps4.jpg',NULL),(570,'L.A. Noire PS4',144.99,'',2,2,'la-noire-ps4.jpg',NULL),(571,'Monster Hunter World PS4',199.00,'',2,2,'monster-hunter-world-ps4.jpg',NULL),(572,'Monster Hunter World Edycja Kolekcjonerska PS4',599.00,'',2,2,'monster-hunter-world-edycja-kolekcjonerska-ps4.jpg',NULL),(573,'Yakuza Kiwami Steelbook Edition PS4',159.99,'',2,2,'yakuza-kiwami-steelbook-edition-ps4.jpg',NULL),(574,'Assassin\'s Creed Origins PL  PS4',219.00,'',2,2,'assassin-s-creed-origins-pl-ps4.jpg',NULL),(575,'Dead by Daylight PS4',109.00,'',2,2,'dead-by-daylight-ps4.jpg',NULL),(576,'Star Wars Battlefront 2 PL Edycja Specjalna PS4 -Darmowa Dostawa',294.99,'',2,2,'star-wars-battlefront-2-pl-edycja-specialna-ps4.jpg',NULL),(577,'Resident Evil Revelations PS4',94.99,'',2,2,'resident-evil-revelations-ps4.jpg',NULL),(578,'Uncharted Zaginione Dziedzictwo PL PS4',129.99,'',2,2,'uncharted-zaginione-dziedzictwo-pl-ps4.jpg',NULL),(579,'Star Wars Battlefront 2 PL PS4 +DLC - Darmowa Dostawa',229.00,'',2,2,'star-wars-battlefront-2-pl-ps4.jpg',NULL),(580,'The Surge PS4 + Steelbook',139.99,'',2,2,'the-surge-ps4.jpg',NULL),(581,'HELLDIVERS - SUPER EARTH ULTIMATE EDITION PS3',99.00,'',2,2,'helldivers-super-earth-ultimate-edition-ps3.jpg',NULL),(582,'Śródziemie: Cień Wojny PL PS4',219.90,'',2,2,'srodziemie-cien-wojny-pl-ps4.jpg',NULL),(583,'Just Cause 3 Złota Edycja PL PS4',139.99,'',2,2,'just-cause-3-zlota-edycja-pl-ps4.jpg',NULL),(584,'Tom Clancys The Division Gold PL PS4',134.99,'',2,2,'tom-clancys-the-division-gold-pl-ps4.jpg',NULL),(585,'Tom Clancy\'s Ghost Recon: Wildlands Gold PL  PS4',309.00,'',2,2,'tom-clancy-s-ghost-recon-wildlands-gold-pl-dlc-ps4.jpg',NULL),(586,'Star Wars Battlefront Ultimate Edition PL PS4',109.99,'',2,2,'star-wars-battlefront-ultimate-edition-pl-ps4.jpg',NULL),(587,'Red Dead Redemption II PS4',239.00,'',2,2,'red-dead-redemption-2-ps4.jpg',NULL),(588,'Metal Gear Solid V Definitive Ed. PS4',129.99,'',2,2,'metal-gear-solid-v-definitive-ed-ps4.jpg',NULL),(589,'Aragami PS4',78.00,'',2,2,'aragami-ps4.jpg',NULL),(590,'Assassin\'s Creed The Ezio Collection PL PS4',94.99,'',2,2,'assassin-s-creed-the-ezio-collection-pl-ps4.jpg',NULL),(591,'HITMAN: Kompletny pierwszy sezon PS4 + STEELBOOK',134.99,'',2,2,'hitman-kompletny-pierwszy-sezon-ps4-steelbook.jpg',NULL),(592,'Batman: Arkham Knight Game of The Year Edition PS4 + Steelbook',174.99,'',2,2,'batman-arkham-knight-game-of-the-year-edition-ps4.jpg',NULL),(593,'Watch Dogs 2 PL  PS4',124.99,'',2,2,'watch-dogs-2-pl-ps4.jpg',NULL),(594,'Tom Clancy\'s Ghost Recon: Wildlands PL  PS4',169.99,'',2,2,'tom-clancy-s-ghost-recon-wildlands-pl-ps4.jpg',NULL),(595,'Mount & Blade: Warband PS4',88.90,'',2,2,'mount-blade-warband-ps4.jpg',NULL),(596,'Batman: Return to Arkham PL PS4',174.99,'',2,2,'batman-return-to-arkham-pl-ps4.jpg',NULL),(597,'Mafia III Deluxe Edition PL (gra + seasson pass) PS4',239.99,'',2,2,'mafia-iii-deluxe-edition-gra-seasson-pass-ps4.jpg',NULL),(598,'Mafia III PS4 + DLC',129.99,'',2,2,'mafia-iii-ps4-dlc.jpg',NULL),(599,'Horizon Zero Dawn PL PS4',179.00,'',2,2,'horizon-zero-dawn-ps4.jpg',NULL),(600,'The Last Guardian PS4',139.00,'',2,2,'the-last-guardian-ps4.jpg',NULL),(601,'Assassin\'s Creed: Syndicate PL PS4',94.99,'',2,2,'assassin-s-creed-syndicate-ps4.jpg',NULL),(602,'God of War III Remastered PS4',69.00,'',2,2,'god-of-war-iii-remastered-ps4.jpg',NULL),(603,'Metal Gear Solid V The Phantom Pain PS4 Ed. Kolekcjonerska',369.99,'',2,2,'metal-gear-solid-v-the-phantom-pain-ps4-ed-kolekcjonerska.jpg',NULL),(604,'Rise of the Tomb Raider 20 Year Celebration PS4',199.99,'',2,2,'rise-of-the-tomb-raider-20-year-celebration-ps4.jpg',NULL),(605,'Homefront The Revolution PL PS4 + DLC',79.00,'',2,2,'homefront-the-revolution-ps4.jpg',NULL),(606,'The Walking Dead Season 2 PS4',49.00,'',2,2,'walking-dead-season-2-ps4.jpg',NULL),(607,'Grand Theft Auto V PL PS4',184.99,'',2,2,'grand-theft-auto-v-ps4.jpg',NULL),(608,'Mad Max PL PS4',69.00,'',2,2,'mad-max-ps4.jpg',NULL),(609,'Star Wars Battlefront PL PS4',64.99,'',2,2,'star-wars-battlefront-ps4.jpg',NULL),(610,'Tom Clancys The Division PL PS4',89.99,'',2,2,'tom-clancys-the-division-ps4.jpg',NULL),(611,'Watch Dogs PL PS4',99.00,'',2,2,'watch-dogs-ps4.jpg',NULL),(612,'Metro Exodus PS4',229.90,'',2,3,'metro-exodus-ps4.jpg',NULL),(613,'The Evil Within 2 PL PS4 + DLC',219.99,'',2,3,'the-evil-within-2-ps4.jpg',NULL),(614,'Agents of Mayhem PL PS4',129.99,'',2,3,'agents-of-mayhem-pl-ps4.jpg',NULL),(615,'Tom Clancy\'s Rainbow Six: Siege Year 2 Gold Edition PL PS4',179.99,'',2,3,'tom-clancy-s-rainbow-six-siege-year-2-gold-edition-pl-ps4.jpg',NULL),(616,'Resident Evil 7 biohazard PL PS4',179.99,'',2,3,'resident-evil-7-biohazard-pl-ps4.jpg',NULL),(617,'Plants vs Zombies Garden Warfare 2 PL PS4',99.99,'',2,3,'plants-vs-zombies-garden-warfare-2-ps4.jpg',NULL),(618,'Plants vs Zombies Garden Warfare PS4',129.00,'',2,3,'plants-vs-zombies-garden-warfare-ps4.jpg',NULL),(619,'Stardew Valley Collectors Edition PS4',109.99,'',2,4,'stardew-valley-collectors-edition-ps4.jpg',NULL),(620,'Dragon\'s Dogma: DARK ARISEN PS4',89.99,'',2,4,'dragon-s-dogma-dark-arisen-ps4.jpg',NULL),(621,'Pillars Of Eternity Complete Edition PL PS4',169.99,'',2,4,'pillars-of-eternity-complete-edition-ps4.jpg',NULL),(622,'Vampyr PS4',229.00,'',2,4,'vampyr-ps4.jpg',NULL),(623,'Elex Edycja Kolekcjonerska PL PS4',389.99,'',2,4,'elex-edycja-kolekcjonerska-ps4.jpg',NULL),(624,'Destiny 2 PL PS4 + koszulka',264.90,'',2,4,'destiny-2-ps4.jpg',NULL),(625,'Dark Souls III: The Fire Fades Edition GOTY PL PS4 ',159.99,'',2,4,'dark-souls-iii-the-fire-fades-edition-goty-pl-ps4-.jpg',NULL),(626,'Elex PL PS4',199.00,'',2,4,'elex-ps4.jpg',NULL),(627,'Dragon Quest Heroes II Explorers Edition PS4',154.99,'',2,4,'dragon-quest-heroes-ii-explorers-edition-ps4.jpg',NULL),(628,'VIKINGS - WOLVES OF MIDGARD PL PS4',99.99,'',2,4,'vikings-wolves-of-midgard-pl-ps4.jpg',NULL),(629,'Final Fantasy XIV: Stormblood PS4',169.00,'',2,4,'final-fantasy-xiv-stormblood-ps4.jpg',NULL),(630,'Kingdom Hearts HD 2.8 Final Chapter Prologue PS4',139.99,'',2,4,'kingdom-hearts-hd-28-final-chapter-prologue-ps4.jpg',NULL),(631,'STYX: SHARDS OF DARKNESS PL PS4',94.99,'',2,4,'styx-shards-of-darkness-ps4.jpg',NULL),(632,'Torment: Tides of Numenera PL   PS4 + Steelbook',99.99,'',2,4,'torment-tides-of-numenera-pl-ps4.jpg',NULL),(633,'The Dwarves PS4',59.99,'',2,4,'the-dwarves-ps4.jpg',NULL),(634,'WARHAMMER: END TIMES - VERMINTIDE GOLD PL PS4',64.99,'',2,4,'warhammer-end-times-vermintide-ps4.jpg',NULL),(635,'The Elder Scrolls V Skyrim Special Edition PL PS4',179.99,'',2,4,'the-elder-scrolls-v-skyrim-special-edition-pl-ps4.jpg',NULL),(636,'Wiedźmin 3 Dziki Gon GOTY PL PS4',159.99,'',2,4,'wiedzmin-3-dziki-gon-goty-pl-ps4.jpg',NULL),(637,'South Park The Fractured But Whole PL Edycja Kolekcjonerska PS4',359.00,'',2,4,'south-park-the-fractured-but-whole-edycja-kolekcjonerska-pl-ps4.jpg',NULL),(638,'South Park The Fractured But Whole PL PS4',219.99,'',2,4,'south-park-the-fractured-but-whole-ps4.jpg',NULL),(639,'Technomancer PS4',49.99,'',2,4,'technomancer-ps4.jpg',NULL),(640,'Dragon Quest Heroes Collectors Edition PS4',179.99,'',2,4,'dragon-quest-heroes-collectors-edition-ps4.jpg',NULL),(641,'Dark Souls III PL PS4',139.99,'',2,4,'dark-souls-iii-ps4.jpg',NULL),(642,'Fallout 4 PL PS4',104.99,'',2,4,'fallout-4-ps4.jpg',NULL),(643,'Bound by Flame PS4',189.99,'',2,4,'bound-by-flame-ps4.jpg',NULL),(644,'Steep Winter Games Edition PL PS4',179.00,'',2,6,'steep-winter-games-edition-ps4.jpg',NULL),(645,'Everybody\'s Golf (PS4)',134.99,'',2,6,'everybody-s-golf-ps4.jpg',NULL),(646,'Handball 16 PS4',130.00,'',2,6,'handball-16-ps4.jpg',NULL),(647,'WWE 2K18 Cena (Nuff) Edition PS4',599.99,'',2,6,'wwe-2k18-cena-nuff-edition-ps4.jpg',NULL),(648,'WWE 2K18 PS4',249.99,'',2,6,'wwe-2k18-ps4.jpg',NULL),(649,'Pro Evolution Soccer PES 2018 PS4',199.99,'',2,6,'pro-evolution-soccer-pes-2018-ps4.jpg',NULL),(650,'FIFA 18 PL PS4',229.99,'',2,6,'fifa-18-edycja-standardowa-ps4.jpg',NULL),(651,'NBA 2K18 Legend Edition PS4',359.99,'',2,6,'nba-2k18-legend-edition-ps4.jpg',NULL),(652,'NBA 2K18 PS4',249.00,'',2,6,'nba-2k18-ps4.jpg',NULL),(653,'Dino Dini\'s Kick Off Revival PS4',59.00,'',2,6,'kick-off-revival-ps4.jpg',NULL),(654,'STEEP PL Gold Edition PS4',154.99,'',2,6,'steep-pl-gold-edition-ps4-dlc.jpg',NULL),(655,'Mark McMorris Infinite Air PS4',64.99,'',2,6,'mark-mcmorris-infinite-air-ps4.jpg',NULL),(656,'STEEP PL PS4',104.99,'',2,6,'steep-ps4-dlc.jpg',NULL),(657,'FIFA 17 PL PS4',159.99,'',2,6,'fifa-17-pl-ps4.jpg',NULL),(658,'EA Sports UFC 2 PS4',109.99,'',2,6,'ea-sports-ufc-2-ps4.jpg',NULL),(659,'The Golf Club Collector\'s Edition PS4',144.99,'',2,6,'the-golf-club-ps4.jpg',NULL),(660,'NBA Live 16 PS4',64.99,'',2,6,'nba-live-16-ps4.jpg',NULL),(661,'NHL 16 PS4',154.99,'',2,6,'nhl-16-ps4.jpg',NULL),(662,'FIFA 16 PL PS4',29.99,'',2,6,'fifa-16-pl-ps4.jpg',NULL),(663,'BLOOD BOWL II PS4',49.99,'',2,6,'blood-bowl-pl-ii-ps4.jpg',NULL),(664,'Pro Evolution Soccer 2015 PS4',59.99,'',2,6,'pro-evolution-soccer-2015-ps4.jpg',NULL),(665,'FIFA 15 PL PS4',38.00,'',2,6,'fifa-15-pl-ps4.jpg',NULL),(666,'WRC 7 (PS4) PL',204.99,'',2,7,'wrc-7-ps4-pl.jpg',NULL),(667,'F1 2017 PS4 Edycja Specjalna PL ',219.00,'',2,7,'f1-2017-ps4-edycja-specjalna-pl-steelbook.jpg',NULL),(668,'NEED FOR SPEED PAYBACK PL PS4',228.90,'',2,7,'need-for-speed-payback-ps4.jpg',NULL),(669,'Wipeout Omega Collection PS4',144.99,'',2,7,'wipeout-omega-collection-ps4.jpg',NULL),(670,'Micro Machines: World Series PS4',109.00,'',2,7,'micro-machines-world-series-ps4.jpg',NULL),(671,'Project Cars 2 Edycja Limitowana PL PS4',239.99,'',2,7,'project-cars-2-edycja-limitowana-pl-ps4.jpg',NULL),(672,'Project Cars 2 PL PS4',234.99,'',2,7,'project-cars-2-pl-ps4.jpg',NULL),(673,'Flatout 4: Total Insanity PL PS4',129.00,'',2,7,'flatout-4-total-insanity-pl-ps4.jpg',NULL),(674,'DiRT 4 Day One PL PS4',199.90,'',2,7,'dirt-4-ps4.jpg',NULL),(675,'MOTO RACER 4 PS4',49.99,'',2,7,'moto-racer-4-ps4.jpg',NULL),(676,'The Crew Ultimate Edition PS4',104.99,'',2,7,'the-crew-ultimate-edition-ps4.jpg',NULL),(677,'WRC 6 PL +DLC PS4 ',159.99,'',2,7,'wrc-6-pl-ps4.jpg',NULL),(678,'Gran Turismo Sport PL PS4 (DAY ONE)',229.99,'',2,7,'gran-turismo-sport-pl-ps4.jpg',NULL),(679,'Project CARS Game of the Year Edition PL PS4',134.99,'',2,7,'project-cars-game-of-the-year-edition-ps4.jpg',NULL),(680,'WRC 5  Esports Edition PS4',79.99,'',2,7,'wrc-5-esports-edition-ps4.jpg',NULL),(681,'Sebastien Loeb Rally Evo PS4',49.99,'',2,7,'sebastien-loeb-rally-evo-ps4.jpg',NULL),(682,'Need for Speed PL PS4',99.99,'',2,7,'need-for-speed-ps4.jpg',NULL),(683,'MXGP – The Official Motocross Videogame PS4',164.99,'',2,7,'mxgp-the-official-motocross-videogame-ps4.jpg',NULL),(684,'MotoGP 14 PS4',139.00,'',2,7,'motogp-14-ps4.jpg',NULL),(685,'Need for Speed Rivals PS4',79.00,'',2,7,'need-for-speed-rivals-ps4.jpg',NULL),(686,'Diablo 3 Ultimate Evil Edition PL PS4',104.99,'',2,8,'diablo-iii-ultimate-evil-edition-ps4.jpg',NULL),(687,'UNDER NIGHT IN-BIRTH Exe:Late[st]  PS4',229.90,'',2,9,'under-night-in-birth-exelate-st-ps4.jpg',NULL),(688,'Street Fighter V: Arcade Edition PS4',139.99,'',2,9,'street-fighter-v-arcade-edition-ps4.jpg',NULL),(689,'Marvel vs Capcom Infinite PS4',199.00,'',2,9,'marvel-vs-capcom-infinite-ps4.jpg',NULL),(690,'Tekken 7 Deluxe PS4',259.99,'',2,9,'tekken-7-ps4.jpg',NULL),(691,'Tekken 7 Edycja Kolekcjonerska PS4',499.99,'',2,9,'tekken-7-edycja-kolekcjonerska-ps4.jpg',NULL),(692,'Naruto Shippuden: Ultimate Ninja Storm 4 Road To Boruto PS4',199.99,'',2,9,'naruto-shippuden-ultimate-ninja-storm-4-road-to-boruto-ps4.jpg',NULL),(693,'INJUSTICE™ 2 PL PS4 + DLC',189.99,'',2,9,'injustice-2-ps4.jpg',NULL),(694,'Dragon ball Xenoverse 2 PS4',239.00,'',2,9,'dragonball-xenoverse-2-ps4.jpg',NULL),(695,'One Piece Burning Blood PS4',229.99,'',2,9,'one-piece-burning-blood-ps4.jpg',NULL),(696,'Dead Or Alive 5 Last Round PS4',78.99,'',2,9,'dead-or-alive-5-last-round.jpg',NULL),(697,'Dragon Ball Xenoverse PS4',229.00,'',2,9,'dragonn-ball-xenoverse-ps4.jpg',NULL),(698,'Darksiders 1 Warmastered Edition PL PS4',69.99,'',2,10,'darksiders-1-warmastered-edition-ps4.jpg',NULL),(699,'God of War IV PL PS4',258.90,'',2,10,'god-of-war-iv-pl-ps4.jpg',NULL),(700,'For Honor PL PS4',104.99,'',2,10,'for-honor-pl-ps4.jpg',NULL),(701,'Śródziemie: Cień Mordoru Game of The Year Edition PL PS4',74.99,'',2,10,'srodziemie-cien-mordoru-game-of-the-year-edition-pl-ps4.jpg',NULL),(702,'Demon Gaze II PS4',179.90,'',2,11,'demon-gaze-ii-ps4.jpg',NULL),(703,'Lost Sphear PS4',169.99,'',2,11,'lost-sphear-ps4.jpg',NULL),(704,'Valkyria Revolution Limited Edition (PS4)',149.99,'',2,11,'valkyria-revolution-limited-edition-ps4.jpg',NULL),(705,'Persona 5 PS4',139.99,'',2,11,'persona-5-ps4.jpg',NULL),(706,'World of Final Fantasy PS4',194.99,'',2,11,'world-of-final-fantasy-ps4.jpg',NULL),(707,'Final Fantasy XV Special Edition PS4',244.90,'',2,11,'final-fantasy-xv-special-edition-ps4.jpg',NULL),(708,'STAR OCEAN: INTEGRITY AND FAITHLESSNESS PS4',189.00,'',2,11,'star-ocean-integrity-and-faithlessness-ps4.jpg',NULL),(709,'Final Fantasy VII Remake PS4',249.00,'',2,11,'final-fantasy-vii-remake-ps4.jpg',NULL),(710,'Final Fantasy Type-0 HD Edycja limitowana FR4ME PS4',149.99,'',2,11,'final-fantasy-type-0-hd-edycja-limitowana-fr4me-ps4.jpg',NULL),(711,'Final Fantasy Type-0 HD PS4 ',69.99,'',2,11,'final-fantasy-type-0-hd-ps4-.jpg',NULL),(712,'Final Fantasy XV PS4',224.99,'',2,11,'final-fantasy-xv-ps4.jpg',NULL),(713,'Just Dance 2018 PS4',184.99,'',2,12,'just-dance-2018-ps4.jpg',NULL),(714,'Now Sing 2017 + 1 mikrofon PS4',109.00,'',2,12,'now-sing-2017-1-mikrofon-ps4.jpg',NULL),(715,'Now Sing 2017 + 2 mikrofony PS4',149.00,'',2,12,'now-sing-2017-2-mikrofony-ps4.jpg',NULL),(716,'Just Dance 2017 PS4',124.99,'',2,12,'just-dance-2017-ps4.jpg',NULL),(717,'ABZU PS4',79.00,'',2,13,'abzu-ps4.jpg',NULL),(718,'Biomutant PS4',259.90,'',2,13,'biomutant-ps4.jpg',NULL),(719,'Outcast Second Contact PS4',199.90,'',2,13,'outcast-second-contact-ps4.jpg',NULL),(720,'The Sexy Brutale: Full House Edition (PS4)',84.99,'',2,13,'the-sexy-brutale-full-house-edition-ps4.jpg',NULL),(721,'LEGO Marvel Super Heroes 2 PL PS4',189.99,'',2,13,'lego-marvel-super-heroes-2-pl-ps4.jpg',NULL),(722,'RIME PL PS4',119.00,'',2,13,'rime-ps4.jpg',NULL),(723,'Heart & Slash PS4',139.00,'',2,13,'heart-slash-ps4.jpg',NULL),(724,'Portal Knights PS4',129.00,'',2,13,'portal-knights-ps4.jpg',NULL),(725,'Dreamfall Chapters PS4',99.99,'',2,13,'dreamfall-chapters-ps4.jpg',NULL),(726,'LEGO CITY: Tajny agent PL PS4',144.99,'',2,13,'lego-city-tajny-agent-ps4.jpg',NULL),(727,'The Walking Dead: A New Frontier Season 3 PS4',114.99,'',2,13,'the-walking-dead-a-new-frontier-season-3-ps4.jpg',NULL),(728,'YOOKA-LAYLEE PS4 ',99.99,'',2,13,'yooka-laylee-ps4.jpg',NULL),(729,'LEGO Worlds PL PS4',99.99,'',2,13,'lego-worlds-pl-ps4.jpg',NULL),(730,'Minecraft: Story Mode The Complete Adventure PS4',113.89,'',2,13,'minecraft-story-mode-ps4.jpg',NULL),(731,'LEGO Harry Potter Collection PS4',159.00,'',2,13,'lego-harry-potter-collection-ps4.jpg',NULL),(732,'Terraria Collector\'s Edition PS4',79.99,'',2,13,'terraria-ps4.jpg',NULL),(733,'Yesterday Origins PL PS4',59.99,'',2,13,'yesterday-origins-pl-ps4.jpg',NULL),(734,'Telltale The Batman Series PS4',119.99,'',2,13,'telltale-the-batman-series-ps4.jpg',NULL),(735,'Syberia 3 PL PS4',94.99,'',2,13,'syberia-3-ps4-pl.jpg',NULL),(736,'Sherlock Holmes The Devils Daughter PS4',198.99,'',2,13,'sherlock-holmes-the-devils-daughter-ps4.jpg',NULL),(737,'Tales from the Borderlands PS4',83.90,'',2,13,'tales-from-the-borderlands-ps4.jpg',NULL),(738,'Lego Star Wars: The Force Awakens (Gwiezdne wojny: Przebudzenie Mocy) Dubbing PL PS4',119.99,'',2,13,'lego-star-wars-the-force-awakens-gwiezdne-wojny-przebudzenie-mocy-ps4.jpg',NULL),(739,'LEGO Marvels Avengers PL PS4',114.99,'',2,13,'lego-marvels-avengers-pl-ps4.jpg',NULL),(740,'Brothers - A Tale of Two Sons PS4',59.99,'',2,13,'brothers-a-tale-of-two-sons-ps4.jpg',NULL),(741,'Until Dawn PL PS4',104.99,'',2,13,'until-dawn-ps4.jpg',NULL),(742,'TERRARIA PS4',59.99,'',2,13,'terraria-ps4.jpg',NULL),(743,'Disney Infinity 2.0: Plac Zabaw Combo Pack PS4',100.99,'',2,13,'disney-infinity-20-plac-zabaw-combo-pack-ps4.jpg',NULL),(744,'Skylanders Trap Team PS4',199.00,'',2,13,'skylanders-trap-team-ps4.jpg',NULL),(745,'LEGO Batman 3: Poza Gotham PL PS4',109.99,'',2,13,'lego-batman-3-poza-gotham-pl-ps4.jpg',NULL),(746,'Sherlock Holmes: Crimes and Punishments PS4',49.99,'',2,13,'sherlock-holmes-crimes-and-punishments-ps4.jpg',NULL),(747,'Disney Infinity 2.0: Marvel Super Heroes Zestaw Startowy PL PS4',139.00,'',2,13,'disney-infinity-20-marvel-super-heroes-zestaw-startowy-ps4.jpg',NULL),(748,'LEGO The Hobbit PL PS4',109.99,'',2,13,'lego-the-hobbit-pl-ps4.jpg',NULL),(749,'LEGO Przygoda gra Wideo PL PS4',109.00,'',2,13,'lego-przygoda-gra-wideo-pl-ps4.jpg',NULL),(750,'LEGO Marvel Super Heroes PS4',139.00,'',2,13,'lego-marvel-super-heroes-ps4.jpg',NULL),(751,'Resident Evil 7 Biohazard Gold Edition PS4',179.90,'',2,14,'resident-evil-7-biohazard-gold-edition-ps4.jpg',NULL),(752,'Little Nightmares PL PS4',69.99,'',2,14,'little-nightmares-pl-ps4.jpg',NULL),(753,'Resident Evil 4 HD PS4',109.00,'',2,14,'resident-evil-4-hd-ps4.jpg',NULL),(754,'This War Of Mine: The Little Ones PL PS4',64.99,'',2,14,'this-war-of-mine-the-little-ones-pl-ps4.jpg',NULL),(755,'Resident Evil Revelations 2 PL PS4',154.99,'',2,14,'resident-evil-revelations-2-ps4.jpg',NULL),(756,'Pure Farming 2018 PS4',129.90,'',2,15,'pure-farming-2018.jpg',NULL),(757,'SPINTIRES: MUDRUNNER PL PS4',124.99,'',2,15,'spintires-mudrunner-pl-ps4.jpg',NULL),(758,'The Sims 4 PL PS4',139.00,'',2,15,'the-sims-4-pl-ps4-bonus.jpg',NULL),(759,'No Man\'s Sky PL PS4',179.00,'',2,15,'no-man-s-sky-ps4.jpg',NULL),(760,'FARMING SIMULATOR 17 PL PS4',144.99,'',2,15,'farming-simulator-17-pl-ps4.jpg',NULL),(761,'Farming Simulator 2015 PL PS4',99.99,'',2,15,'farming-simulator-2015-pl-ps4.jpg',NULL),(762,'Rad Rodgers PS4',59.90,'',2,16,'rad-rodgers-ps4.jpg',NULL),(763,'Axiom Verge PS4',69.90,'',2,16,'axiom-verge-ps4.jpg',NULL),(764,'Trials Fusion: The Awesome Max Edition (PS4)',69.99,'',2,16,'trials-fusion-the-awesome-max-edition-ps4.jpg',NULL),(765,'LEGO Ninjago Movie - Gra wideo PL PS4',184.99,'',2,16,'lego-ninjago-movie-gra-wideo-pl-ps4.jpg',NULL),(766,'Marvel Pinball: Epic Collection Vol. 1 PS4',104.99,'',2,16,'marvel-pinball-ps4.jpg',NULL),(767,'Zombie Vikings Ragnarok Edition PS4',99.00,'',2,16,'zombie-vikings-ragnarok-edition-ps4.jpg',NULL),(768,'WORMS W.M.D ALLSTAR PL PS4',104.99,'',2,16,'worms-wmd-ps4.jpg',NULL),(769,'Hasbro Family Fun Pack PS4',134.99,'',2,16,'hasbro-family-fun-pack-ps4.jpg',NULL),(770,'The Talos Principle Deluxe Edition PS4',189.99,'',2,16,'the-talos-principle-deluxe-edition-pl-ps4.jpg',NULL),(771,'Ratchet & Clank PS4',119.99,'',2,16,'ratchet-clank-pl-ps4.jpg',NULL),(772,'One Piece Pirate Warriors 3 Edycja Kolekcjonerska PS4',349.99,'',2,16,'one-piece-pirate-warriors-3-edycja-kolekcjonerska-ps4.jpg',NULL),(773,'Mighty No 9 PS4',109.90,'',2,16,'mighty-no-9-ps4.jpg',NULL),(774,'Flockers PL PS4',96.99,'',2,16,'flockers-pl-ps4.jpg',NULL),(775,'Rayman Legends PL PS4',69.99,'',2,16,'rayman-legends-ps4.jpg',NULL),(776,'Sudden Strike 4 PL PS4',119.99,'',2,5,'sudden-strike-4-ps4.jpg',NULL),(777,'SHADOW TACTICS: BLADES OF THE SHOGUN PS4',149.99,'',2,5,'shadow-tactics-blades-of-the-shogun-ps4.jpg',NULL),(778,'The Escapists 2 PS4',109.00,'',2,5,'the-escapists-2-special-edition-ps4.jpg',NULL),(779,'Valhalla Hills PS4',144.99,'',2,5,'valhalla-hills-ps4.jpg',NULL),(780,'XCOM 2 PL PS4',179.99,'',2,5,'xcom-2-pl-ps4.jpg',NULL),(781,'Dungeons 2 PS4',64.99,'',2,5,'dungeons-2-ps4.jpg',NULL),(782,'GRAND AGES: MEDIEVAL PS4',59.99,'',2,5,'grand-ages-medieval-ps4.jpg',NULL),(783,'Resistance 2 Essentials PS3',34.99,'',3,1,'resistance-2-essentials-ps3.jpg',NULL),(784,'ESCAPE Dead Island PL PS3',24.99,'',3,1,'escape-dead-island-pl-ps3.jpg',NULL),(785,'Borderlands 2 Game of the Year Edition PS3',69.00,'',3,1,'borderlands-2-game-of-the-year-edition-ps3.jpg',NULL),(786,'Borderlands The Pre-Sequel PS3',24.99,'',3,1,'borderlands-the-pre-sequel-ps3.jpg',NULL),(787,'Thief PL + DLC PS3',39.00,'',3,1,'thief-dlc-ps3.jpg',NULL),(788,'Crysis 2 PL PS3',39.00,'',3,1,'crysis-2-pl-ps3.jpg',NULL),(789,'Syndicate PS3',39.00,'',3,1,'syndicate-ps3.jpg',NULL),(790,'Battlefield 4 PL PS3 + SteelBook',44.99,'',3,1,'battlefield-4-pl-ps3.jpg',NULL),(791,'Resistance Fall of Man Essentials PS3',24.99,'',3,1,'resistance-fall-of-man-essentials-ps3.jpg',NULL),(792,'Painkiller Hell & Damnation PL PS3',39.00,'',3,1,'painkiller-hell-damnation-pl-ps3.jpg',NULL),(793,'BATTLEFIELD BAD COMPANY 2 PS3',19.99,'',3,1,'battlefield-bad-company-2-ps3.jpg',NULL),(794,'MEDAL OF HONOR WARFIGHTER PL PS3',39.99,'',3,1,'medal-of-honor-warfighter-pl-ps3.jpg',NULL),(795,'Grand Theft Auto: San Andreas PS3',69.99,'',3,2,'grand-theft-auto-san-andreas-ps3.jpg',NULL),(796,'Remember Me PL PS3',39.00,'',3,2,'remember-me-pl-ps3.jpg',NULL),(797,'MEN IN BLACK ALIEN CRISIS MIB PS3 MOVE',29.00,'',3,2,'men-in-black-alien-crisis-mib-ps3-move.jpg',NULL),(798,'Metal Gear Solid 4 Guns of the Patriots 25th PS3',49.99,'',3,2,'metal-gear-solid-4-guns-of-the-patriots-25th-ps3.jpg',NULL),(799,'Star Trek The Video Game PS3',14.99,'',3,3,'star-trek-the-video-game-ps3.jpg',NULL),(800,'Saints Row 4 IV PS3',39.00,'',3,3,'saints-row-4-iv-ps3.jpg',NULL),(801,'Batman Arkham Origins PL PS3 + DLC',39.00,'',3,3,'batman-arkham-origins-pl-ps3-dlc.jpg',NULL),(802,'Bureau XCOM Declassified PS3',29.99,'',3,3,'bureau-xcom-declassified-ps3.jpg',NULL),(803,'Lost Planet 3 PL / ANG PS3',29.99,'',3,3,'lost-planet-3-pl-ang-ps3.jpg',NULL),(804,'Dead Space 3 PS3',29.90,'',3,3,'dead-space-3-ps3.jpg',NULL),(805,'Bound by Flame PS3',19.99,'',3,4,'bound-by-flame-ps3.jpg',NULL),(806,'Pro Evolution Soccer PES 2018 Premium Edition PS3',154.99,'',3,6,'pro-evolution-soccer-pes-2018-premium-edition.jpg',NULL),(807,'Pro Evolution Soccer PES 2018 PS3',154.99,'',3,6,'pro-evolution-soccer-pes-2018-ps3.jpg',NULL),(808,'FIFA 18 Legacy Edition PS3',184.99,'',3,6,'fifa-18-legacy-edition-ps3.jpg',NULL),(809,'NBA 2K18 PS3',174.99,'',3,6,'nba-2k18-ps3.jpg',NULL),(810,'Skate 3 PS3',49.00,'',3,6,'skate-3-ps3.jpg',NULL),(811,'FIFA 17 EDYCJA DELUX PL PS3',94.99,'',3,6,'fifa-17-edycja-delux-pl-ps3.jpg',NULL),(812,'FIFA 17 PL PS3',89.99,'',3,6,'fifa-17-pl-ps3.jpg',NULL),(813,'Move Street Cricket 2 PS3',14.99,'',3,6,'move-street-cricket-2-ps3.jpg',NULL),(814,'Fifa World Cup 2014 PS3',19.99,'',3,6,'fifa-world-cup-2014-dlc-ps3.jpg',NULL),(815,'The Fight PL PS3',29.00,'',3,6,'the-fight-pl-ps3.jpg',NULL),(816,'SSX Essentials PS3',29.99,'',3,6,'ssx-ps3.jpg',NULL),(817,'FIFA 14 PL PS3',14.99,'',3,6,'fifa-14-pl-ps3.jpg',NULL),(818,'MX vs ATV Supercross PS3',49.00,'',3,7,'mx-vs-atv-supercross-ps3.jpg',NULL),(819,'MX vs ATV Supercross PS3',49.00,'',3,7,'mx-vs-atv-supercross-ps3.jpg',NULL),(820,'Sacred 3 Pierwsza Edycja PS3',24.99,'',3,8,'sacred-3-pierwsza-edycja-ps3.jpg',NULL),(821,'DRAGON AGE 2 II Essentials PS3',39.99,'',3,8,'dragon-age-2-ii-ps3.jpg',NULL),(822,'TEENAGE MUTANT NINJA TURTLES: MUTANTS IN MANHATTAN PS3',49.00,'',3,9,'teenage-mutant-ninja-turtles-mutants-in-manhattan-ps3.jpg',NULL),(823,'Dragon Ball Xenoverse PS3',109.00,'',3,9,'dragonn-ball-xenoverse-ps3.jpg',NULL),(824,'One Piece Unlimited World Red PS3',99.00,'',3,10,'one-piece-unlimited-world-red-ps3.jpg',NULL),(825,'Atelier Rorona The Alchemist of Arland PS3',59.00,'',3,11,'atelier-rorona-the-alchemist-of-arland-ps3.jpg',NULL),(826,'Atelier Escha and Logy Alchemists of the Dusk Sky PS3',59.99,'',3,11,'atelier-escha-and-logy-alchemists-of-the-dusk-sky-ps3.jpg',NULL),(827,'Just Dance 2018 PS3',119.99,'',3,12,'just-dance-2018-ps3.jpg',NULL),(828,'TV SuperStars MOVE PS3',29.00,'',3,12,'tv-superstars-pl-move-ps3.jpg',NULL),(829,'DEF JAM RAPSTAR Z MIKROFONEM PS3',29.00,'',3,12,'def-jam-rapstar-z-mikrofonem-ps3.jpg',NULL),(830,'Telltale The Batman Series PS3',49.99,'',3,13,'telltale-the-batman-series-ps3.jpg',NULL),(831,'Lego Star Wars: The Force Awakens (Gwiezdne wojny: Przebudzenie Mocy) PL Dubbing PS3',69.90,'',3,13,'lego-star-wars-the-force-awakens-gwiezdne-wojny-przebudzenie-mocy-pl-ps3.jpg',NULL),(832,'LEGO Marvels Avengers + DLC PL PS3',69.90,'',3,13,'lego-marvels-avengers-pl-ps3.jpg',NULL),(833,'Merida Waleczna PL PS3',24.99,'',3,13,'merida-waleczna-pl-ps3.jpg',NULL),(834,'LEGO Przygoda gra Wideo Essentials PL PS3',69.99,'',3,13,'lego-przygoda-gra-wideo-essentials-pl-ps3.jpg',NULL),(835,'LEGO Marvel Super Heroes Essentials PL PS3',74.99,'',3,13,'lego-marvel-super-heroes-essentials-pl-ps3.jpg',NULL),(836,'Merida Waleczna GRA PS3 + FILM BLU-RAY',29.99,'',3,13,'merida-waleczna-gra-film-blu-ray.jpg',NULL),(837,'LEGO Piraci z Karaibów + Piraci z Karaibów: Na nieznanych wodach Blu-ray PS3',79.00,'',3,13,'lego-piraci-z-karaibow-piraci-z-karaibow-na-nieznanych-wodach-blu-ray-ps3.jpg',NULL),(838,'LEGO HARRY POTTER YEARS 5-7 PL PS3',69.00,'',3,13,'lego-harry-potter-years-5-7-pl-ps3.jpg',NULL),(839,'LEGO The Hobbit PL PS3',84.99,'',3,13,'lego-the-hobbit-pl-ps3.jpg',NULL),(840,'LEGO Indiana Jones 2 The Adventure Continues PS3',59.99,'',3,13,'lego-indiana-jones-2-the-adventure-continues-ps3.jpg',NULL),(841,'LEGO Batman Essentials PS3',59.00,'',3,13,'lego-batman-essentials-ps3.jpg',NULL),(842,'X-Men Destiny PS3',29.00,'',3,13,'x-men-destiny-ps3.jpg',NULL),(843,'TERRARIA PS3',49.99,'',3,13,'terraria-ps3.jpg',NULL),(844,'LEGO HARRY POTTER LATA 1-4 PS3',69.00,'',3,13,'lego-harry-potter-lata-1-4-ps3.jpg',NULL),(845,'BAKUGAN DEFENDERS OF THE CORE PS3',24.99,'',3,13,'bakugan-defenders-of-the-core-ps3.jpg',NULL),(846,'Sorcery Świat Magii PL / ANG PS3',29.00,'',3,13,'sorcery-swiat-magii-pl-ang-ps3.jpg',NULL),(847,'ASSASSINS CREED 3 III PL PS3',19.00,'',3,13,'assassins-creed-iii-pl-ps3.jpg',NULL),(848,'Obcy Izolacja PL PS3',49.00,'',3,14,'obcy-izolacja-pl-edycja-nostromo-ps3.jpg',NULL),(849,'Farming Simulator 2015 PL PS3',83.99,'',3,15,'farming-simulator-2015-pl-ps3.jpg',NULL),(850,'DISNEY INFINITY 3.0: FIGURKA VISION',29.99,'',3,16,'disney-infinity-30-figurka-vision.jpg',NULL),(851,'Angry Birds Star Wars PS3',49.00,'',3,16,'angry-birds-star-wars-ps3.jpg',NULL),(852,'Medieval Moves Wyprawa Trupazego PL Essentials PS3',39.00,'',3,16,'medieval-moves-wyprawa-trupazego-pl-essentials-ps3.jpg',NULL),(853,'Rayman Legends Essentials PL PS3',49.99,'',3,16,'rayman-legends-pl-ps3.jpg',NULL),(854,'Raid: World War II XOne ',169.90,'',4,1,'raid-world-war-ii-xone-.jpg',NULL),(855,'We Happy Few XONE',279.90,'',4,1,'we-happy-few-xone.jpg',NULL),(856,'Fallout 4 Game of the Year Edition PL XONE',159.99,'',4,1,'fallout-4-game-of-the-year-edition-xone.jpg',NULL),(857,'Battlefield 1 Rewolucja PL XONE + Steelbook',99.99,'',4,1,'battlefield-1-rewolucja-pl-xone.jpg',NULL),(858,'Far Cry 5 The Father Edition XONE',409.99,'',4,1,'far-cry-5-the-father-edition-xone.jpg',NULL),(859,'Wolfenstein II: The New Colossus Edycja Kolekcjonerska XONE PL',369.99,'',4,1,'wolfenstein-ii-the-new-colossus-edycja-kolekcjonerska-xone-pl.jpg',NULL),(860,'Wolfenstein II: The New Colossus PL XONE',209.99,'',4,1,'wolfenstein-ii-the-new-colossus-xone.jpg',NULL),(861,'Dishonored: Death of the Outsider PL XONE',99.00,'',4,1,'dishonored-death-of-the-outsider-xone.jpg',NULL),(862,'Far Cry 5 Gold Edition + BONUS XONE',319.99,'',4,1,'far-cry-5-gold-edition-bonus-xone.jpg',NULL),(863,'Far Cry 5 + BONUS XONE',224.99,'',4,1,'far-cry-5-bonus-xone.jpg',NULL),(864,'Call of Duty WWII PL XONE',259.99,'',4,1,'call-of-duty-wwii-pl-xone.jpg',NULL),(865,'Sniper Ghost Warrior 3 Stealth Edition PL XONE',299.00,'',4,1,'sniper-ghost-warrior-3-xone.jpg',NULL),(866,'PREY PL XONE +DLC',214.99,'',4,1,'prey-xone.jpg',NULL),(867,'Sniper Elite IV PL XONE',134.99,'',4,1,'sniper-elite-iv-pl-xone.jpg',NULL),(868,'Sniper Ghost Warrior 3 Edycja Season Pass XONE',159.99,'',4,1,'sniper-ghost-warrior-3-xone.jpg',NULL),(869,'BioShock: The Collection XONE',179.99,'',4,1,'bioshock-the-collection-xone.jpg',NULL),(870,'TitanFall 2 PL  XONE',59.99,'',4,1,'titanfall-2-pl-xone.jpg',NULL),(871,'Dishonored 2 + DLC PL  XONE',159.99,'',4,1,'dishonored-2-pl-xone.jpg',NULL),(872,'Dead Island Definitive Collection PL XONE',99.90,'',4,1,'dead-island-definitve-collection-xbox-one.jpg',NULL),(873,'Call of Duty Infinite Warfare XOne +DLC',124.99,'',4,1,'call-of-duty-infinite-warfare-xbox-one-bonus.jpg',NULL),(874,'Dying Light: The Following – Enhanced Edition XONE',79.99,'',4,1,'dying-light-the-following-enchanced-edition-xone.jpg',NULL),(875,'Far Cry Primal PL XONE',79.99,'',4,1,'far-cry-primal-pl-xone.jpg',NULL),(876,'Halo 5 Guardians Limited Edition PL XONE',219.99,'',4,1,'halo-5-guardians-limited-edition-xone.jpg',NULL),(877,'Dishonored The Definitive Edition XONE',84.99,'',4,1,'dishonored-the-definitive-edition-xone.jpg',NULL),(878,'Battleborn + DLC XONE',64.99,'',4,1,'battleborn-xone.jpg',NULL),(879,'Mirrors Edge Catalyst PL + Gratis XONE',99.99,'',4,1,'mirrors-edge-catalyst-pl-xone.jpg',NULL),(880,'DOOM PL XONE',99.99,'',4,1,'doom-xone.jpg',NULL),(881,'Deus Ex Mankind Divided Rozłam Ludzkości D1 PL XONE',104.99,'',4,1,'deus-ex-mankind-divided-xone.jpg',NULL),(882,'Zombie Army Trilogy XONE PL ',69.00,'',4,1,'zombie-army-trilogy-xone.jpg',NULL),(883,'Evolve XONE',49.99,'',4,1,'evolve-dlc-xone.jpg',NULL),(884,'Halo 5 Guardians PL XONE',99.00,'',4,1,'halo-5-xone.jpg',NULL),(885,'Shadow Warrior PL XONE',129.00,'',4,1,'shadow-warrior-pl-xone.jpg',NULL),(886,'Battlefield Hardline PL XONE',49.99,'',4,1,'battlefield-hardline-pl-xone.jpg',NULL),(887,'Code Vein XONE',199.90,'',4,2,'code-vein-xone.jpg',NULL),(888,'L.A. Noire XONE',144.99,'',4,2,'la-noire-xone.jpg',NULL),(889,'Monster Hunter World XONE',199.00,'',4,2,'monster-hunter-world-xone.jpg',NULL),(890,'Monster Hunter World Edycja Kolekcjonerska XONE',599.00,'',4,2,'monster-hunter-world-edycja-kolekcjonerska-xone.jpg',NULL),(891,'Assassin\'s Creed Origins PL  XONE',219.00,'',4,2,'assassin-s-creed-origins-pl-dlc-xone.jpg',NULL),(892,'Dead by Daylight XONE',109.00,'',4,2,'dead-by-daylight-xone.jpg',NULL),(893,'Star Wars Battlefront 2 PL Edycja Specjalna XONE - Darmowa Dostawa',294.99,'',4,2,'star-wars-battlefront-2-pl-edycja-specialna-xone.jpg',NULL),(894,'Resident Evil Revelations XONE',94.99,'',4,2,'resident-evil-revelations-xone.jpg',NULL),(895,'Star Wars Battlefront 2 PL XONE +DLC - Darmowa Dostawa',229.00,'',4,2,'star-wars-battlefront-2-pl-xone.jpg',NULL),(896,'The Surge XONE + Steelbook',139.99,'',4,2,'the-surge-xone.jpg',NULL),(897,'Śródziemie: Cień Wojny Silver Edition PL XONE',294.99,'',4,2,'srodziemie-cien-wojny-pl-xone.jpg',NULL),(898,'Śródziemie: Cień Wojny PL XONE',219.90,'',4,2,'srodziemie-cien-wojny-pl-xone.jpg',NULL),(899,'Grand Theft Auto IV Complete Edition v.2 X360/XONE',89.00,'',4,2,'grand-theft-auto-iv-complete-edition-v2-x360xone.jpg',NULL),(900,'Bully Scholarship Edition X360/XONE',89.00,'',4,2,'bully-scholarship-edition-x360xone.jpg',NULL),(901,'Tom Clancys The Division PL Gold XONE ',134.99,'',4,2,'tom-clancys-the-division-pl-gold-xone-.jpg',NULL),(902,'Star Wars Battlefront Ultimate Edition PL XONE',109.99,'',4,2,'star-wars-battlefront-ultimate-edition-pl-xone.jpg',NULL),(903,'Red Dead Redemption II XONE',239.00,'',4,2,'red-dead-redemption-2-xone.jpg',NULL),(904,'Metal Gear Solid V Definitive Ed. XONE',129.99,'',4,2,'metal-gear-solid-v-definitive-ed-xone.jpg',NULL),(905,'HITMAN: Kompletny pierwszy sezon XONE + STEELBOOK',134.99,'',4,2,'hitman-kompletny-pierwszy-sezon-xone-steelbook.jpg',NULL),(906,'Watch Dogs 2 Gold Edition PL XONE',154.99,'',4,2,'watch-dogs-2-gold-edition-pl-xone.jpg',NULL),(907,'Watch Dogs 2 PL Edycja San Francisco XONE',289.00,'',4,2,'watch-dogs-2-pl-edycja-san-francisco-xone.jpg',NULL),(908,'Batman: Arkham Knight Game of The Year Edition XONE',174.99,'',4,2,'batman-arkham-knight-game-of-the-year-edition-xone.jpg',NULL),(909,'Tom Clancy\'s Ghost Recon: Wildlands PL  XONE',154.99,'',4,2,'tom-clancy-s-ghost-recon-wildlands-pl-xone.jpg',NULL),(910,'Mount & Blade: Warband XONE',89.00,'',4,2,'mount-blade-warband-xone.jpg',NULL),(911,'Assassins Creed IV Black Flag PL (Greatest Hits) XONE',79.99,'',4,2,'assassins-creed-iv-black-flag-xo.jpg',NULL),(912,'Batman: Return to Arkham PL XONE',174.99,'',4,2,'batman-return-to-arkham-pl-xone.jpg',NULL),(913,'Mafia III Deluxe Edition PL (gra + seasson pass) XONE',239.99,'',4,2,'mafia-iii-deluxe-edition-gra-seasson-pass-ps4.jpg',NULL),(914,'Watch Dogs Complete PL XONE',39.99,'',4,2,'watch-dogs-complete-xone.jpg',NULL),(915,'Crackdown 3 XONE',229.00,'',4,2,'crackdown-3-xone.jpg',NULL),(916,'Gears of War 4 XONE',99.99,'',4,2,'gears-of-war-4-xone.jpg',NULL),(917,'Mafia III XONE + DLC',129.99,'',4,2,'mafia-iii-xone-dlc.jpg',NULL),(918,'Gears of War Ultimate Edition PL XONE',99.99,'',4,2,'gears-of-war-ultimate-edition-pl-xone.jpg',NULL),(919,'Assassin\'s Creed: Syndicate PL XONE',94.99,'',4,2,'assassin-s-creed-syndicate-xone.jpg',NULL),(920,'Star Wars Battlefront PL XONE',69.99,'',4,2,'star-wars-battlefront-xone.jpg',NULL),(921,'Quantum Break XONE + Alan Wake',99.99,'',4,2,'quantum-break-xone.jpg',NULL),(922,'Rise of the Tomb Raider PL XONE',99.00,'',4,2,'rise-of-the-tomb-raider-xone.jpg',NULL),(923,'Homefront The Revolution PL XONE + DLC',79.99,'',4,2,'homefront-the-revolution-xone.jpg',NULL),(924,'Saints Row: Re-Elected & Gat out the Hell XboxOne PL',164.99,'',4,2,'saints-row-re-elected-gat-out-the-hell-xboxone-pl.jpg',NULL),(925,'Metal Gear Solid V The Phantom Pain XONE - DAY ONE EDITION + Naszywka',124.99,'',4,2,'metal-gear-solid-v-the-phantom-pain-xone.jpg',NULL),(926,'Sleeping Dogs: Definitive Edition PL XONE + ARTBOOK',194.99,'',4,2,'sleeping-dogs-definitive-edition-ps4.jpg',NULL),(927,'Grand Theft Auto V PL XONE',189.99,'',4,2,'grand-theft-auto-v-xone.jpg',NULL),(928,'Assassins Creed Unity PL XONE',59.99,'',4,2,'assassins-creed-unity-pl-xone.jpg',NULL),(929,'Tomb Raider The Definitive Edition X1',159.00,'',4,2,'tomb-raider-the-definitive-edition-x1.jpg',NULL),(930,'Batman Arkham Knight PL XONE',139.99,'',4,2,'batman-arkham-knight-pl-one.jpg',NULL),(931,'Thief + DLC XONE',129.00,'',4,2,'thief-dlc-x1-.jpg',NULL),(932,'Metro Exodus XONE',229.90,'',4,3,'metro-exodus-xone.jpg',NULL),(933,'The Evil Within 2 PL XONE +DLC',219.99,'',4,3,'the-evil-within-2-xone.jpg',NULL),(934,'Agents of Mayhem PL XONE',129.99,'',4,3,'agents-of-mayhem-pl-xone.jpg',NULL),(935,'Tom Clancy\'s Rainbow Six: Siege Year 2 Gold Edition PL XONE',179.99,'',4,3,'tom-clancy-s-rainbow-six-siege-year-2-gold-edition-pl-xone.jpg',NULL),(936,'Tom Clancy\'s Rainbow Six: Siege Gold Edition PL XONE',149.99,'',4,3,'tom-clancy-s-rainbow-six-siege-gold-edition-pl-xone.jpg',NULL),(937,'Resident Evil 7 biohazard PL XONE',179.99,'',4,3,'resident-evil-7-biohazard-pl-xone.jpg',NULL),(938,'DESTINY: THE TAKEN KING LEGENDARY EDITION XOne',69.99,'',4,3,'destiny-the-taken-king-legendary-edition-xboxone.jpg',NULL),(939,'Plants vs Zombies Garden Warfare 2 PL XONE',99.99,'',4,3,'plants-vs-zombies-garden-warfare-2-xone.jpg',NULL),(940,'Stardew Valley Collectors Edition XONE',109.99,'',4,4,'stardew-valley-collectors-edition-xone.jpg',NULL),(941,'Dragon\'s Dogma: DARK ARISEN Xbox One',89.99,'',4,4,'dragon-s-dogma-dark-arisen-xbox-one.jpg',NULL),(942,'Pillars Of Eternity Complete Edition (XONE)',169.99,'',4,4,'pillars-of-eternity-complete-edition-xone.jpg',NULL),(943,'Vampyr XONE',179.00,'',4,4,'vampyr-xone.jpg',NULL),(944,'Elex PL XONE',199.99,'',4,4,'elex-xone.jpg',NULL),(945,'Destiny 2 PL XONE ',264.99,'',4,4,'destiny-2-xone.jpg',NULL),(946,'Dark Souls III: The Fire Fades Edition GOTY PL XONE',189.99,'',4,4,'dark-souls-iii-the-fire-fades-edition-goty-pl-xone.jpg',NULL),(947,'VIKINGS - WOLVES OF MIDGARD PL XONE',99.99,'',4,4,'vikings-wolves-of-midgard-pl-xone.jpg',NULL),(948,'STYX: SHARDS OF DARKNESS PL XONE',94.99,'',4,4,'styx-shards-of-darkness-xone.jpg',NULL),(949,'Torment: Tides of Numenera PL XONE + Steelbook',99.99,'',4,4,'torment-tides-of-numenera-pl-xone.jpg',NULL),(950,'The Dwarves XONE',59.99,'',4,4,'the-dwarves-xone.jpg',NULL),(951,'The Elder Scrolls V Skyrim Special Edition PL XONE',179.99,'',4,4,'the-elder-scrolls-v-skyrim-special-edition-pl-xone.jpg',NULL),(952,'Wiedźmin 3 Dziki Gon GOTY PL XONE',159.99,'',4,4,'wiedzmin-3-dziki-gon-goty-pl-xone.jpg',NULL),(953,'South Park The Fractured But Whole PL Edycja Kolekcjonerska XONE',359.00,'',4,4,'south-park-the-fractured-but-whole-pl-edycja-kolekcjonerska-xone.jpg',NULL),(954,'South Park The Fractured But Whole PL XONE',229.99,'',4,4,'south-park-the-fractured-but-whole-pl-xone.jpg',NULL),(955,'Technomancer PL XONE',64.99,'',4,4,'technomancer-xbox-one.jpg',NULL),(956,'Wasteland 2: Director’s cut PL XONE',139.00,'',4,4,'wasteland-2-directors-cut-xone.jpg',NULL),(957,'Dark Souls III PL XONE',134.99,'',4,4,'dark-souls-iii-xone.jpg',NULL),(958,'Fallout 4 PL XONE',104.99,'',4,4,'fallout-4-xone.jpg',NULL),(959,'Dragon Age Inkwizycja Deluxe Edition XONE',59.99,'',4,4,'dragon-age-inkwizycja-deluxe-edition-xone.jpg',NULL),(960,'Dragon Age Inkwizycja PL XONE',39.99,'',4,4,'dragon-age-inkwizycja-xone.jpg',NULL),(961,'Steep Winter Games Edition PL XONE',179.00,'',4,6,'steep-winter-games-edition-pl-xone.jpg',NULL),(962,'WWE 2K18 XONE',249.99,'',4,6,'wwe-2k18-xone.jpg',NULL),(963,'Pro Evolution Soccer PES 2018 Legendary Edition XONE',224.99,'',4,6,'pro-evolution-soccer-pes-2018-legendary-edition-xone.jpg',NULL),(964,'Pro Evolution Soccer PES 2018 Premium Edition XONE',199.99,'',4,6,'pro-evolution-soccer-pes-2018-premium-edition-xone.jpg',NULL),(965,'Pro Evolution Soccer PES 2018 XONE',199.99,'',4,6,'pro-evolution-soccer-pes-2018-xone.jpg',NULL),(966,'FIFA 18 Ronaldo Edition XONE',234.99,'',4,6,'fifa-18-ronaldo-edition-xone.jpg',NULL),(967,'FIFA 18 PL XONE',229.99,'',4,6,'fifa-18-edycja-standardowa-xone.jpg',NULL),(968,'NBA 2K18 Legend Edition XONE',359.99,'',4,6,'nba-2k18-legend-edition-xone.jpg',NULL),(969,'NBA 2K18 XONE',249.00,'',4,6,'nba-2k18-xone.jpg',NULL),(970,'Mark McMorris Infinite Air XONE',64.99,'',4,6,'mark-mcmorris-infinite-air-xone.jpg',NULL),(971,'STEEP PL XONE ',104.99,'',4,6,'steep-xone-dlc.jpg',NULL),(972,'Pro Evolution Soccer 2017 XONE + plakat',154.99,'',4,6,'pro-evolution-soccer-2017-xone.jpg',NULL),(973,'FIFA 17 PL XONE',46.99,'',4,6,'fifa-17-pl-xone.jpg',NULL),(974,'FIFA 16 PL XONE KLUCZ',69.00,'',4,6,'fifa-16-pl-xone-klucz.jpg',NULL),(975,'NBA 2K17 Legend Edition XONE',199.99,'',4,6,'nba-2k17-ps4.jpg',NULL),(976,'EA Sports UFC 2 XONE',109.99,'',4,6,'ea-sports-ufc-2-xone.jpg',NULL),(977,'NHL 16 XONE',84.99,'',4,6,'nhl-16-xone.jpg',NULL),(978,'NBA Live 16 XONE',64.99,'',4,6,'nba-live-16-xone.jpg',NULL),(979,'FIFA 16 DELUXE EDITION PL XONE',124.99,'',4,6,'fifa-16-deluxe-edition-pl-xone.jpg',NULL),(980,'FIFA 16 PL XONE',124.99,'',4,6,'fifa-16-pl-xone.jpg',NULL),(981,'BLOOD BOWL II XONE',49.99,'',4,6,'blood-bowl-pl-ii-xone.jpg',NULL),(982,'Pro Evolution Soccer 2015 XONE',59.99,'',4,6,'pro-evolution-soccer-2015-xone.jpg',NULL),(983,'FIFA 15 PL XONE',54.99,'',4,6,'fifa-15-pl-xone.jpg',NULL),(984,'WWE 2K15 XONE',49.99,'',4,6,'wwe-2k15-xone.jpg',NULL),(985,'EA Sports UFC XONE',69.99,'',4,6,'ea-sports-ufc-xone.jpg',NULL),(986,'FIFA 14 XONE',109.00,'',4,6,'fifa-14-pl-xo.jpg',NULL),(987,'WRC 7 (XONE) PL',204.99,'',4,7,'wrc-7-xone-pl.jpg',NULL),(988,'F1 2017 XONE Edycja Specjalna PL',219.00,'',4,7,'f1-2017-xone-edycja-specjalna-pl-steelbook.jpg',NULL),(989,'Forza Motorsport 7 PL XONE',224.99,'',4,7,'forza-motorsport-7-xone.jpg',NULL),(990,'NEED FOR SPEED PAYBACK PL XONE',228.90,'',4,7,'need-for-speed-payback-pl-xone.jpg',NULL),(991,'Micro Machines: World Series XONE',109.00,'',4,7,'micro-machines-world-series-xone.jpg',NULL),(992,'Project Cars 2 Edycja Limitowana PL XONE',239.99,'',4,7,'project-cars-2-edycja-limitowana-pl-xone.jpg',NULL),(993,'Project Cars 2 PL XONE',234.99,'',4,7,'project-cars-2-pl-xone.jpg',NULL),(994,'Flatout 4: Total Insanity PL XONE',129.00,'',4,7,'flatout-4-total-insanity-pl-xone.jpg',NULL),(995,'The Crew Ultimate Edition XONE',104.99,'',4,7,'the-crew-ultimate-edition-xone.jpg',NULL),(996,'Forza Horizon 3 PL XONE',164.99,'',4,7,'forza-horizon-3-pl-xone.jpg',NULL),(997,'Project CARS Game of the Year Edition PL XONE',134.99,'',4,7,'project-cars-game-of-the-year-edition-xone.jpg',NULL),(998,'Assetto Corsa Prestige Edition PL Xbox One',119.99,'',4,7,'assetto-corsa-pl-xbox-one.jpg',NULL),(999,'Trackmania Turbo PL XONE',124.99,'',4,7,'trackmania-turbo-xone.jpg',NULL),(1000,'WRC 5 XONE',194.99,'',4,7,'wrc-5-xone.jpg',NULL),(1001,'Need for Speed PL XONE',99.99,'',4,7,'need-for-speed-xone.jpg',NULL),(1002,'Need for Speed Rivals Game of the Year Edition XONE',114.99,'',4,7,'need-for-speed-rivals-game-of-the-year-edition-xone.jpg',NULL),(1003,'Need for Speed Rivals XONE',41.99,'',4,7,'need-for-speed-rivals-pl-dlc-xo.jpg',NULL),(1004,'Sea of Thieves XONE',249.00,'',4,8,'sea-of-thieves-xone.jpg',NULL),(1005,'Lords of the Fallen Edycja Limitowana PL XONE +DODATKI',79.90,'',4,8,'lords-of-the-fallen-xone.jpg',NULL),(1006,'Marvel vs Capcom Infinite Deluxe Edition XONE',349.99,'',4,9,'marvel-vs-capcom-infinite-deluxe-edition-xone.jpg',NULL),(1007,'Marvel vs Capcom Infinite XONE',199.00,'',4,9,'marvel-vs-capcom-infinite-xone.jpg',NULL),(1008,'INJUSTICE™ 2 PL Ultimate XONE +DLC',349.99,'',4,9,'injustice-2-pl-ultimate-xone-dlc.jpg',NULL),(1009,'INJUSTICE™ 2 Deluxe PL XONE  +DLC',224.99,'',4,9,'injustice-2-deluxe-pl-xone-dlc.jpg',NULL),(1010,'Tekken 7 Edycja Kolekcjonerska XONE',459.99,'',4,9,'tekken-7-edycja-kolekcjonerska-xone.jpg',NULL),(1011,'Naruto Shippuden: Ultimate Ninja Storm 4 Road To Boruto XONE',199.99,'',4,9,'naruto-shippuden-ultimate-ninja-storm-4-road-to-boruto-ps4.jpg',NULL),(1012,'INJUSTICE™ 2 PL XONE  +DLC',189.99,'',4,9,'injustice-2-pl-xone.jpg',NULL),(1013,'Dragon ball Xenoverse 2 XONE',239.00,'',4,9,'dragonball-xenoverse-2-xone.jpg',NULL),(1014,'One Piece Burning Blood XONE',229.99,'',4,9,'one-piece-burning-blood-xone.jpg',NULL),(1015,'NARUTO SHIPPUDEN: Ultimate Ninja STORM 4  PL XONE',149.00,'',4,9,'naruto-shippuden-ultimate-ninja-storm-xone.jpg',NULL),(1016,'Tekken 7 XONE ',189.99,'',4,9,'tekken-7-xone.jpg',NULL),(1017,'Darksiders 1 Warmastered Edition PL XONE',69.99,'',4,10,'darksiders-1-warmastered-edition-xone.jpg',NULL),(1018,'For Honor PL XONE ',104.99,'',4,10,'for-honor-pl-xone.jpg',NULL),(1019,'Śródziemie: Cień Mordoru Game of The Year Edition PL XONE',74.99,'',4,10,'srodziemie-cien-mordoru-pl-dlc-xone.jpg',NULL),(1020,'DMC DEVIL MAY CRY: DEFINITIVE EDITION PL XONE',99.90,'',4,10,'dmc-devil-may-cry-definitive-edition-xone.jpg',NULL),(1021,'Valkyria Revolution Limited Edition (XONE)',149.99,'',4,11,'valkyria-revolution-xone.jpg',NULL),(1022,'Final Fantasy XV Special Edition Xbox One',244.90,'',4,11,'final-fantasy-xv-xbox-one-special-edition-xbox-one.jpg',NULL),(1023,'Final Fantasy XV Xbox One',219.00,'',4,11,'final-fantasy-xv-xbox-one.jpg',NULL),(1024,'Final Fantasy Type-0 HD Edycja limitowana Steelbook XONE',149.00,'',4,11,'final-fantasy-type-0-hd-edycja-limitowana-steelbook-xone.jpg',NULL),(1025,'Final Fantasy Type-0 HD XOne ',69.00,'',4,11,'final-fantasy-type-0-hd-xboxone-.jpg',NULL),(1026,'Just Dance 2018 XONE',184.99,'',4,12,'just-dance-2018-xone.jpg',NULL),(1027,'Now Sing 2017 + 1 mikrofon XONE',112.99,'',4,12,'now-sing-2017-1-mikrofon-xone.jpg',NULL),(1028,'JUST DANCE DISNEY 2 KINECT XONE',35.99,'',4,12,'just-dance-disney-2-x360.jpg',NULL),(1029,'Guitar Hero Live XONE + Gitara',149.00,'',4,12,'guitar-hero-live-xone-gitara.jpg',NULL),(1030,'Disney FANTASIA MUSIC EVOLVED XONE',69.99,'',4,12,'fantasia-music-evolved-xone.jpg',NULL),(1031,'Okami HD XONE',89.90,'',4,13,'okami-hd-xone.jpg',NULL),(1032,'Biomutant XONE',259.90,'',4,13,'biomutant-xone.jpg',NULL),(1033,'Outcast Second Contact XONE',199.90,'',4,13,'outcast-second-contact-xone.jpg',NULL),(1034,'Portal Knights XONE',129.00,'',4,13,'portal-knights-ps4.jpg',NULL),(1035,'LEGO Marvel Super Heroes 2 XONE',189.99,'',4,13,'lego-marvel-super-heroes-2-xone.jpg',NULL),(1036,'RIME PL XONE',119.00,'',4,13,'rime-xone.jpg',NULL),(1037,'Marvel\'s Guardians of the Galaxy The Telltale Series XONE',109.99,'',4,13,'marvel-s-guardians-of-the-galaxy-the-telltale-series-xone.jpg',NULL),(1038,'Dreamfall Chapters XONE',99.99,'',4,13,'dreamfall-chapters-xone.jpg',NULL),(1039,'LEGO CITY: Tajny agent PL XONE',144.99,'',4,13,'lego-city-tajny-agent-pl-xone.jpg',NULL),(1040,'The Walking Dead: A New Frontier Season 3 XONE',114.99,'',4,13,'the-walking-dead-a-new-frontier-season-3-ps4.jpg',NULL),(1041,'LEGO Worlds PL XONE',99.99,'',4,13,'lego-worlds-pl-xone.jpg',NULL),(1042,'Yesterday Origins PL XONE',59.99,'',4,13,'yesterday-origins-pl-xone.jpg',NULL),(1043,'Syberia 3 PL XONE',94.99,'',4,13,'syberia-3-xone-pl.jpg',NULL),(1044,'Deadlight: Director\'s Cut XONE + Bonus',76.99,'',4,13,'deadlight-director-s-cut-xone-bonus.jpg',NULL),(1045,'Sherlock Holmes The Devils Daughter XONE',198.99,'',4,13,'sherlock-holmes-the-devils-daughter-xone.jpg',NULL),(1046,'Tales from the Borderlands XONE',83.90,'',4,13,'tales-from-the-borderlands-xone.jpg',NULL),(1047,'AGATHA CHRISTIE - THE ABC MURDERS XBOX ONE',124.99,'',4,13,'agatha-christie-the-abc-murders-xbox-one.jpg',NULL),(1048,'Lego Star Wars: The Force Awakens (Gwiezdne wojny: Przebudzenie Mocy) Dubbing PL XONE',119.99,'',4,13,'lego-star-wars-the-force-awakens-gwiezdne-wojny-przebudzenie-mocy-xone.jpg',NULL),(1049,'ReCore XONE',144.99,'',4,13,'recore-xone.jpg',NULL),(1050,'Skylanders Trap Team XONE',199.00,'',4,13,'skylanders-trap-team-xone.jpg',NULL),(1051,'LEGO Batman 3: Poza Gotham PL XONE',109.99,'',4,13,'lego-batman-3-poza-gotham-pl-xone.jpg',NULL),(1052,'Resident Evil 7 Biohazard Gold Edition XONE',179.90,'',4,14,'resident-evil-7-biohazard-gold-edition-ps4.jpg',NULL),(1053,'Little Nightmares PL XONE',69.99,'',4,14,'little-nightmares-pl-xone.jpg',NULL),(1054,'Outlast Trinity XONE',139.00,'',4,14,'outlast-trinity-xone.jpg',NULL),(1055,'7 Days to Die XONE + DLC',119.99,'',4,14,'7-days-to-die-xone.jpg',NULL),(1056,'This War Of Mine: The Little Ones PL XONE',64.99,'',4,14,'this-war-of-mine-the-little-ones-pl-xone.jpg',NULL),(1057,'Obcy Izolacja PL XONE',149.00,'',4,14,'obcy-izolacja-pl-edycja-nostromo-xone.jpg',NULL),(1058,'Pure Farming 2018 XONE',129.90,'',4,15,'pure-farming-2018-xone.jpg',NULL),(1059,'Farming Simulator 17 Edycja Platynowa PL XONE',164.99,'',4,15,'farming-simultor-17-edycja-platynowa-xone.jpg',NULL),(1060,'SPINTIRES: MUDRUNNER PL XONE',124.99,'',4,15,'spintires-mudrunner-xone.jpg',NULL),(1061,'The Sims 4 PL XONE',139.00,'',4,15,'the-sims-4-pl-xone-bonus.jpg',NULL),(1062,'FARMING SIMULATOR 17 PL XONE',129.99,'',4,15,'farming-simulator-17-pl-xone.jpg',NULL),(1063,'Farming Simulator 2015 PL XONE',99.99,'',4,15,'farming-simulator-2015-pl-xone.jpg',NULL),(1064,'Rad Rodgers XONE',59.90,'',4,16,'rad-rodgers-xone.jpg',NULL),(1065,'LEGO Ninjago Movie - Gra wideo PL XONE',184.99,'',4,16,'lego-ninjago-movie-gra-wideo-pl-xone.jpg',NULL),(1066,'Marvel Pinball: Epic Collection Vol. 1 XONE',104.99,'',4,16,'marvel-pinball-epic-collection-vol-1-xone.jpg',NULL),(1067,'WORMS PL W.M.D XONE',104.99,'',4,16,'worms-wmd-xone.jpg',NULL),(1068,'DISNEY INFINITY 3.0: FIGURKA VISION',29.99,'',4,16,'disney-infinity-30-figurka-vision.jpg',NULL),(1069,'Rare Replay - Epicka kolekcja 30 hitów od Rare! XONE',84.99,'',4,16,'rare-replay-epicka-kolekcja-30-hitow-od-rare-xone.jpg',NULL),(1070,'Mighty No 9 XONE',109.90,'',4,16,'mighty-no-9-xone.jpg',NULL),(1071,'Flockers PL XONE',96.99,'',4,16,'flockers-pl-xone.jpg',NULL),(1072,'Call of Duty Black Ops III PL X360',92.99,'',5,1,'call-of-duty-black-ops-iii-pl-x360.jpg',NULL),(1073,'Dishonored Game of the Year PL Classic X360',39.99,'',5,1,'dishonored-game-of-the-year-pl-x360.jpg',NULL),(1074,'ESCAPE Dead Island PL X360',29.99,'',5,1,'escape-dead-island-pl-x360.jpg',NULL),(1075,'Battlefield Hardline PL X360',59.99,'',5,1,'battlefield-hardline-pl-x360.jpg',NULL),(1076,'Far Cry 4 PL Classics X360',59.90,'',5,1,'far-cry-4-x360.jpg',NULL),(1077,'Borderlands The Pre-Sequel X360',28.99,'',5,1,'borderlands-the-pre-sequel-x360.jpg',NULL),(1078,'Battlefield 4 PL X360',49.99,'',5,1,'battlefield-4-pl-x360.jpg',NULL),(1079,'Thief PL + DLC X360',69.00,'',5,1,'thief-dlc-x360.jpg',NULL),(1080,'Titanfall PL X360 + PLAKAT',54.99,'',5,1,'titanfall-pl-x360.jpg',NULL),(1081,'RED FACTION ARMAGEDDON SE X360',44.99,'',5,1,'red-faction-armageddon-xbox-360.jpg',NULL),(1082,'Grand Theft Auto IV Complete Edition v.2 X360/XONE',89.00,'',5,2,'grand-theft-auto-iv-complete-edition-v2-x360xone.jpg',NULL),(1083,'Bully Scholarship Edition X360/XONE',89.00,'',5,2,'bully-scholarship-edition-x360xone.jpg',NULL),(1084,'Grand Theft Auto: San Andreas X360',79.00,'',5,2,'grand-theft-auto-san-andreas-x360.jpg',NULL),(1085,'Metal Gear Solid V The Phantom Pain X360 - DAY ONE EDITION + Naszywka',109.00,'',5,2,'metal-gear-solid-v-the-phantom-pain-x360.jpg',NULL),(1086,'Assassins Creed Brotherhood PL X360 Classics',24.99,'',5,2,'assassins-creed-brotherhood-pl-classics-x360.jpg',NULL),(1087,'Resident Evil Operation Raccoon City PL / ANG X360',34.90,'',5,2,'resident-evil-operation-raccoon-city-pl-ang-x360.jpg',NULL),(1088,'Castlevania Lords of Shadow 2 X360',49.99,'',5,2,'castlevania-lords-of-shadow-2-x360.jpg',NULL),(1089,'TOMB RAIDER PL Classic X360',69.00,'',5,2,'tomb-raider-pl-xbox-360.jpg',NULL),(1090,'Army of Two The 40th Days X360',64.99,'',5,3,'army-of-two-the-40-days-x360.jpg',NULL),(1091,'The Gunstringer X360',49.00,'',5,3,'the-gunstringer-x360.jpg',NULL),(1092,'Anarchy Reigns X360',39.90,'',5,3,'anarchy-reigns-x360.jpg',NULL),(1093,'Red Dead Redemption GOTY X360',84.99,'',5,3,'red-dead-redemption-game-of-the-year-edition-x360.jpg',NULL),(1094,'Assassins Creed IV Black Flag PL X360',49.99,'',5,3,'assassins-creed-iv-black-flag-pl-x360.jpg',NULL),(1095,'Bureau XCOM Declassified X360',29.00,'',5,3,'bureau-xcom-declassified-x360.jpg',NULL),(1096,'Binary Domain X360',29.00,'',5,3,'binary-domain-xbox-360.jpg',NULL),(1097,'MAX PAYNE 3  X360',19.00,'',5,3,'max-payne-3-x360-pl.jpg',NULL),(1098,'Bound by Flame X360',19.90,'',5,4,'bound-by-flame-x360.jpg',NULL),(1099,'Risen 3 Władcy tytanów Edycja Pierwsza X360',39.00,'',5,4,'risen-3-wladcy-tytanow-x360.jpg',NULL),(1100,'DRAGONS DOGMA XBOX 360',59.99,'',5,4,'dragons-dogma-xbox-360.jpg',NULL),(1101,'Pro Evolution Soccer PES 2018 Premium Edition X360',154.99,'',5,6,'pro-evolution-soccer-pes-2018-premium-edition-x360.jpg',NULL),(1102,'Pro Evolution Soccer PES 2018 X360',149.99,'',5,6,'pro-evolution-soccer-pes-2018-x360.jpg',NULL),(1103,'FIFA 18 Legacy Edition X360',184.90,'',5,6,'fifa-18-legacy-edition-x360.jpg',NULL),(1104,'NBA 2K18 X360',169.99,'',5,6,'nba-2k18-x360.jpg',NULL),(1105,'NBA 2k14 X360',19.00,'',5,6,'nba-2k14-x360.jpg',NULL),(1106,'Dark Souls II: Scholar of the First Sin PL Classics X360',49.99,'',5,8,'dark-souls-ii-scholar-of-the-first-sin-xbox360-pl.jpg',NULL),(1107,'Dark Souls II: Scholar of the First Sin X360 PL',64.99,'',5,8,'dark-souls-ii-scholar-of-the-first-sin-xbox360-pl.jpg',NULL),(1108,'Sacred 3 Pierwsza Edycja X360',39.00,'',5,8,'sacred-3-pierwsza-edycja-x360.jpg',NULL),(1109,'Dragon Ball Xenoverse X360',109.00,'',5,9,'dragonn-ball-xenoverse-x360.jpg',NULL),(1110,'Persona 4 Arena Ultimax X360',129.00,'',5,9,'persona-4-arena-ultimax-x360.jpg',NULL),(1111,'DEAD OR ALIVE 5 X360',64.99,'',5,9,'dead-or-alive-5-x360.jpg',NULL),(1112,'Just Dance 2018 X360',129.99,'',5,12,'just-dance-2018-x360.jpg',NULL),(1113,'Just Dance: Disney Party X360',49.99,'',5,12,'just-dance-disney-party-x360.jpg',NULL),(1114,'Guitar Hero Live X360 + Gitara',99.00,'',5,12,'guitar-hero-live-x360-gitara.jpg',NULL),(1115,'Disney FANTASIA MUSIC EVOLVED X360',39.99,'',5,12,'fantasia-music-evolved-x360.jpg',NULL),(1116,'Telltale The Batman Series X360',49.99,'',5,13,'telltale-the-batman-series-x360.jpg',NULL),(1117,'Lego Star Wars: The Force Awakens (Gwiezdne wojny: Przebudzenie Mocy) PL Dubbing X360',79.99,'',5,13,'lego-star-wars-the-force-awakens-gwiezdne-wojny-przebudzenie-mocy-pl-x360.jpg',NULL),(1118,'LEGO Marvel Super Heroes Classic PL X360',84.99,'',5,13,'lego-marvel-super-heroes-classic-pl-x360.jpg',NULL),(1119,'Disney Infinity 2.0: Plac Zabaw Combo Pack X360',149.00,'',5,13,'disney-infinity-20-plac-zabaw-combo-pack-x360.jpg',NULL),(1120,'LEGO Batman 3: Poza Gotham PL X360 ',74.99,'',5,13,'lego-batman-3-poza-gotham-pl-x360.jpg',NULL),(1121,'Sherlock Holmes: Crimes and Punishments X360',49.99,'',5,13,'sherlock-holmes-crimes-and-punishments-x360.jpg',NULL),(1122,'Murdered Śledztwo zza grobu PL X360',59.99,'',5,13,'murdered-sledztwo-zza-grobu-pl-x360.jpg',NULL),(1123,'LEGO Indiana Jones 2 The Adventure Continues X360',69.00,'',5,13,'lego-indiana-jones-2-the-adventure-continues-x360.jpg',NULL),(1124,'LEGO Marvel Super Heroes PL X360',84.99,'',5,13,'lego-marvel-super-heroes-x360.jpg',NULL),(1125,'Minecraft X360',59.99,'',5,13,'minecraft-xbox-360.jpg',NULL),(1126,'Resident Evil Revelations 2 PL X360',69.00,'',5,14,'resident-evil-revelations-2-x360.jpg',NULL),(1127,'Obcy Izolacja PL X360',59.00,'',5,14,'obcy-izolacja-pl-edycja-nostromo-x360.jpg',NULL),(1128,'The Evil Within D1 Edition X360',59.00,'',5,14,'the-evil-within-x360.jpg',NULL),(1129,'ScreamRide PL X360',49.99,'',5,15,'screamride-x360.jpg',NULL),(1130,'Farming Simulator 2015 PL X360',74.99,'',5,15,'farming-simulator-2015-pl-x360.jpg',NULL),(1131,'DISNEY INFINITY 3.0: FIGURKA VISION',29.99,'',5,16,'disney-infinity-30-figurka-vision.jpg',NULL),(1132,'Rayman Legends Classics PL X360',49.99,'',5,16,'rayman-legends-pl-x360.jpg',NULL),(1133,'Rayman Origins Classics PL Xbox 360',54.90,'',5,16,'rayman-origins-pl-x360.jpg',NULL),(1134,'Tropico 5 Limited Edition X360',64.99,'',5,5,'tropico-5-x360.jpg',NULL);
/*!40000 ALTER TABLE `games` ENABLE KEYS */;
UNLOCK TABLES;

--
-- Table structure for table `platform`
--

DROP TABLE IF EXISTS `platform`;
/*!40101 SET @saved_cs_client     = @@character_set_client */;
/*!40101 SET character_set_client = utf8 */;
CREATE TABLE `platform` (
  `Platform_ID` int(11) NOT NULL AUTO_INCREMENT,
  `Name` varchar(255) COLLATE utf8_polish_ci NOT NULL,
  PRIMARY KEY (`Platform_ID`)
) ENGINE=InnoDB AUTO_INCREMENT=6 DEFAULT CHARSET=utf8 COLLATE=utf8_polish_ci;
/*!40101 SET character_set_client = @saved_cs_client */;

--
-- Dumping data for table `platform`
--

LOCK TABLES `platform` WRITE;
/*!40000 ALTER TABLE `platform` DISABLE KEYS */;
INSERT INTO `platform` VALUES (1,'PC'),(2,'Playstation 4'),(3,'Playstation 3'),(4,'Xbox ONE'),(5,'Xbox 360');
/*!40000 ALTER TABLE `platform` ENABLE KEYS */;
UNLOCK TABLES;

--
-- Table structure for table `users`
--

DROP TABLE IF EXISTS `users`;
/*!40101 SET @saved_cs_client     = @@character_set_client */;
/*!40101 SET character_set_client = utf8 */;
CREATE TABLE `users` (
  `ID` int(11) NOT NULL AUTO_INCREMENT,
  `Login` varchar(255) COLLATE utf8_polish_ci NOT NULL,
  `E-mail` varchar(255) COLLATE utf8_polish_ci NOT NULL,
  `Password` varchar(255) COLLATE utf8_polish_ci NOT NULL,
  `Birthdate` date NOT NULL,
  `City` varchar(255) COLLATE utf8_polish_ci NOT NULL,
  `Address` varchar(255) COLLATE utf8_polish_ci NOT NULL,
  `PostCode` varchar(6) COLLATE utf8_polish_ci NOT NULL,
  PRIMARY KEY (`ID`),
  UNIQUE KEY `Username` (`Login`)
) ENGINE=InnoDB DEFAULT CHARSET=utf8 COLLATE=utf8_polish_ci;
/*!40101 SET character_set_client = @saved_cs_client */;

--
-- Dumping data for table `users`
--

LOCK TABLES `users` WRITE;
/*!40000 ALTER TABLE `users` DISABLE KEYS */;
/*!40000 ALTER TABLE `users` ENABLE KEYS */;
UNLOCK TABLES;
/*!40103 SET TIME_ZONE=@OLD_TIME_ZONE */;

/*!40101 SET SQL_MODE=@OLD_SQL_MODE */;
/*!40014 SET FOREIGN_KEY_CHECKS=@OLD_FOREIGN_KEY_CHECKS */;
/*!40014 SET UNIQUE_CHECKS=@OLD_UNIQUE_CHECKS */;
/*!40101 SET CHARACTER_SET_CLIENT=@OLD_CHARACTER_SET_CLIENT */;
/*!40101 SET CHARACTER_SET_RESULTS=@OLD_CHARACTER_SET_RESULTS */;
/*!40101 SET COLLATION_CONNECTION=@OLD_COLLATION_CONNECTION */;
/*!40111 SET SQL_NOTES=@OLD_SQL_NOTES */;

-- Dump completed on 2017-11-29 21:31:08
